,Country,Total Protein,Check is addition of all commodities to right except cereals,Milk,Bovine meat,Sheep and goat meat,Pigmeat,Poultry,Eggs,Fish,Cereals,Maize,Rice,Wheat,Rye,Barley,Pulses,Starchy roots, Av 2011+2012+2013 extracted from WDI (constant 2010 US$),Most recent year GINI coefficient,EPI forestry index (2018),Country 2,Agricultural water withdrawal as % of total renewable water resources,Urban population,GDP per capita,Total area of the country (excl. coastal waters),Rural population,Permanent crops area,Agriculture value added (% GDP),Arable land area,Total population,Total Sex Agriculture (Broad sector) Avg,Total Sex Total (Broad sector) Avg,Total Sex Age Rural (Area type),Total Sex Age Urban (Area type),avg_Barley and products,avg_Bovine Meat,"avg_Cereals, Other",avg_Eggs,"avg_Fish, Seafood",avg_Grand Total,avg_Maize and products,avg_Milk - Excluding Butter,avg_Mutton & Goat Meat,avg_Pigmeat,avg_Poultry Meat,"avg_Pulses, Other and products",avg_Rice (Milled Equivalent),avg_Rye and products,avg_Starchy Roots,avg_Wheat and products,Check is addition of all commodities to right except cereals 1992 to 2012,index,Av 1992+2002+2012 extracted from WDI
0,Afghanistan,58.69,54.27,6.02,2.01,2.02,0.0,0.79,0.32,0.02,41.39,0.57,2.89,37.12,0.0,0.72,1.56,0.22,572.8150284,,205770.3033,Afghanistan,,7596.0,669.0,65286.0,23101.0,120.0,24.6,7790.0,30697.0,38.6,100.0,,,1.5199999999999998,2.5066666666666664,0.0,0.23666666666666666,0.023333333333333334,55.66,1.68,6.656666666666666,2.606666666666667,0.0,0.43,1.1266666666666667,3.42,0.0,0.3466666666666667,30.793333333333333,51.346666666666664,1.0,416.50289085000003
1,Albania,110.44,96.97,29.67,9.18,5.35,2.76,4.91,3.24,1.5,35.48,0.36,1.22,33.71,0.13,0.03,3.06,1.86,4271.534293,29.0,648680.1077,Albania,,1718.0,4219.0,2875.0,1202.0,76.9,21.66,619.1,2920.0,58.0333333333333,100.0,,,0.03666666666666667,6.5,0.013333333333333334,2.2633333333333336,0.9733333333333333,98.14,0.6166666666666667,24.41333333333333,3.1733333333333333,1.8066666666666666,3.1366666666666667,0.12666666666666668,1.0966666666666667,0.08333333333333333,1.3166666666666667,40.75,86.29333333333334,3.0,1957.8635936
2,Algeria,90.74,80.74,13.78,2.18,2.7,0.0,2.3,2.09,1.23,49.25,3.09,0.5,43.03,0.0,2.61,4.55,2.67,4555.191581,27.6,1223608.228,Algeria,42.76,26502.0,5564.0,238174.0,11064.0,924.0,9.396,7506.0,37566.0,10.7,100.0,3302.0,6297.0,3.28,1.8933333333333333,0.0,1.4033333333333333,1.28,82.19,2.08,11.373333333333335,2.2933333333333334,0.0,2.2466666666666666,2.48,0.4566666666666667,0.0,1.93,43.31,74.02666666666667,58.0,3035.074290666667
3,Angola,56.3,48.44,1.02,3.27,0.44,2.34,5.55,0.51,4.14,19.0,8.8,1.55,8.46,0.0,0.0,5.23,7.13,3709.96954099999,42.7,55315324.32,Angola,,8682.0,4582.0,124670.0,16414.0,290.0,,4700.0,25096.0,50.95,100.0,3659.0,3132.0,0.0,3.4499999999999997,0.0,0.35333333333333333,3.873333333333333,44.169999999999995,7.890000000000001,1.4266666666666667,0.35000000000000003,1.3833333333333335,2.8466666666666662,0.0,1.4566666666666668,0.0,5.68,5.663333333333334,34.373333333333335,2.0,2204.3212506333334
4,Antigua and Barbuda,82.52,72.94,12.22,5.39,0.6,3.26,18.59,1.3,13.11,16.6,0.39,2.15,13.39,0.0,0.0,1.66,0.86,11929.27927,,19323.34434,Antigua and Barbuda,3.46199999999999,22.39,12448.0,44.0,74.39,1.0,2.217,4.0,96.78,,,,,0.0,5.166666666666667,0.44,1.0566666666666666,13.11,77.97666666666667,0.43999999999999995,12.693333333333333,0.8366666666666668,2.513333333333333,16.72666666666667,0.9933333333333333,1.79,0.0,0.63,12.593333333333334,68.55000000000001,10.0,9752.391081333333
5,Argentina,101.74,92.75,14.7,27.16,0.58,2.85,12.44,3.25,1.95,27.19,1.94,1.7,23.29,0.0,0.0,0.31,2.57,10679.03292,40.6,39086934.82,Argentina,3.188,37511.0,14348.0,278040.0,4586.0,1000.0,6.697,39754.0,42097.0,1.7,100.0,,,0.0,28.45,0.09666666666666668,2.25,2.033333333333333,96.77,1.6266666666666667,14.633333333333333,0.6166666666666667,1.9400000000000002,8.0,0.31,1.4433333333333334,0.0,2.9766666666666666,22.766666666666666,87.04666666666667,7.0,7448.975683666667
6,Armenia,87.93,72.23,19.04,7.72,1.08,2.11,4.71,3.44,1.09,31.93,0.01,0.67,30.16,0.02,0.25,0.0,1.93,3562.909709,33.6,336842.0345,Armenia,33.43,1875.0,3685.0,2974.0,1007.0,56.7,20.07,448.4,2882.0,37.1999999999999,100.0,517.166666666666,596.666666666666,0.22,5.233333333333333,0.26666666666666666,2.103333333333333,0.57,72.54333333333334,0.0033333333333333335,13.586666666666666,0.8866666666666667,1.5599999999999998,2.6799999999999997,0.0033333333333333335,1.0233333333333334,0.01,2.3066666666666666,32.93,63.11666666666667,8.0,1612.566596
7,Australia,105.56,90.97,19.16,14.05,3.21,5.61,15.88,2.2,6.2,21.77,0.89,1.9,18.62,0.31,0.06,0.62,2.25,53345.86846,35.8,42309945.69,Australia,1.949,20518.0,67479.0,774122.0,2304.0,380.0,2.447,47113.0,22822.0,2.73333333333333,100.0,3703.33333333333,7643.33333333333,0.0,14.910000000000002,0.0033333333333333335,1.8800000000000001,5.4433333333333325,104.52666666666666,0.8533333333333334,19.2,5.03,5.046666666666667,12.096666666666666,0.39666666666666667,1.5233333333333334,0.4166666666666667,2.473333333333333,19.73,89.0,11.0,35511.86163666667
8,Austria,104.31,88.68,21.55,6.9,0.4,14.66,7.85,4.39,3.99,26.92,2.35,0.7,20.91,2.28,0.01,0.45,2.25,48046.30661,30.5,4336043.06399999,Austria,,5575.0,47781.0,8388.0,2943.0,65.3,1.536,1355.0,8518.0,4.73333333333333,100.0,1693.66666666666,2387.0,0.06666666666666667,7.993333333333333,0.0033333333333333335,4.166666666666667,3.27,104.48,2.0466666666666664,23.256666666666664,0.39666666666666667,16.403333333333336,7.0633333333333335,0.09666666666666666,0.8666666666666666,2.586666666666667,2.473333333333333,19.383333333333336,90.07000000000001,12.0,33283.20160666666
9,Azerbaijan,92.13,84.55,14.07,5.09,2.86,0.07,3.51,2.31,0.64,51.94,1.83,0.39,49.37,0.04,0.61,0.59,3.18,5889.790066,26.6,1268610.33,Azerbaijan,25.63,5013.0,7418.0,8660.0,4252.0,230.9,5.492,1897.0,9265.0,,100.0,2183.33333333333,2263.66666666666,1.15,3.936666666666667,0.11666666666666668,1.6866666666666668,0.8366666666666668,77.27999999999999,0.9866666666666667,10.75,1.9400000000000002,0.13666666666666666,2.12,0.0,0.47333333333333333,0.016666666666666666,2.3833333333333333,44.403333333333336,70.82,13.0,2977.5690733333336
10,Bahamas,86.3,69.96,9.09,9.52,1.88,8.82,17.14,1.92,7.47,13.89,0.7,4.61,7.32,0.12,0.0,0.74,0.62,27832.95194,,303575.4214,Bahamas,,307.5,22136.0,1388.0,64.5,4.0,2.342,8.0,372.0,3.7,100.0,,,,,,,,,,,,,,,,,,,,,
11,Bangladesh,55.01,51.31,2.01,0.54,0.56,0.0,0.44,0.55,5.43,36.73,0.16,32.24,4.31,0.0,0.0,2.88,2.19,838.8358174,32.4,1959818.374,Bangladesh,,49487.0,854.1,14846.0,106240.0,850.0,17.09,7670.0,155727.0,45.1,100.0,36575.5,12423.0,0.006666666666666667,0.5466666666666667,0.0,0.38000000000000006,3.823333333333333,50.133333333333326,0.06666666666666667,1.58,0.4366666666666667,0.0,0.3466666666666667,1.7733333333333334,31.286666666666665,0.0,1.1966666666666665,5.123333333333333,46.56666666666667,18.0,514.0173122
12,Barbados,87.09,76.01,10.08,6.63,1.49,1.63,14.64,2.22,11.67,21.15,2.34,3.46,14.62,0.0,0.74,4.16,2.34,16224.95318,,5229.736146,Barbados,,89.98,15316.0,43.0,191.6,1.0,1.449,10.0,281.6,2.93333333333333,100.0,,,0.09000000000000001,6.46,0.33666666666666667,1.5066666666666666,10.703333333333333,84.92333333333333,2.31,9.486666666666666,2.2866666666666666,2.4433333333333334,13.660000000000002,2.486666666666667,4.136666666666667,0.006666666666666667,2.4266666666666667,14.626666666666667,72.63,28.0,11884.173225
13,Belarus,97.14,80.76,14.12,7.69,0.04,11.76,9.61,4.85,4.38,24.16,0.1,0.54,13.13,6.34,0.04,0.02,8.15,6625.169344,25.4,9106663.591,Belarus,0.8446,7098.0,6716.0,20760.0,2374.0,120.0,9.805,5522.0,9472.0,,,,,1.6466666666666665,10.17,0.62,4.633333333333333,2.9499999999999997,94.13666666666667,0.06,16.816666666666666,0.09333333333333332,9.476666666666667,5.68,0.0033333333333333335,0.49333333333333335,9.016666666666667,7.766666666666667,14.006666666666668,82.81333333333333,23.0,3362.385204666667
14,Belgium,98.37,85.02,23.38,5.6,0.5,9.23,4.52,3.88,6.54,26.07,0.32,1.62,23.88,0.15,0.0,1.5,3.9,44367.7856399999,27.7,865425.8356,Belgium,,10809.0,44930.0,3053.0,275.0,22.0,0.877,803.0,11084.0,1.3,100.0,601.666666666666,3919.0,,,,,,,,,,,,,,,,,,,
15,Belize,72.01,60.86,7.32,2.15,0.04,5.1,8.75,1.19,3.62,24.7,5.92,5.4,11.91,0.0,0.0,8.82,0.64,4333.738718,53.3,1748274.973,Belize,,144.2,4674.0,2297.0,192.5,32.0,15.01,78.0,336.7,,,66.0,62.0,0.0,3.236666666666667,0.06333333333333334,1.2266666666666666,3.3800000000000003,71.79,4.496666666666667,8.15,0.02666666666666667,3.9033333333333338,8.709999999999999,0.11666666666666665,4.92,0.0,0.9766666666666667,13.636666666666665,52.78,24.0,3622.6996870000003
16,Benin,63.73,50.28,0.78,1.25,0.33,0.27,6.71,0.23,3.51,25.06,9.12,10.7,2.49,0.0,0.06,5.19,9.64,779.2424681,47.8,168568.2499,Benin,,4288.0,834.3,11476.0,5441.0,450.0,25.24,2700.0,9729.0,43.6,100.0,1732.0,1238.0,0.0,1.31,0.13333333333333333,0.22666666666666666,2.8166666666666664,58.56,11.363333333333332,0.75,0.3566666666666667,0.27666666666666667,4.06,0.9233333333333333,5.586666666666666,0.0,8.99,2.4466666666666668,39.10666666666666,16.0,524.8706439
17,Bermuda,90.66,78.77,8.95,17.49,1.8,5.96,13.26,3.12,12.4,14.63,0.18,1.02,13.22,0.0,0.0,0.56,0.8,82266.93602,,604.7941316,Bermuda,,,,,,,,,,1.4,100.0,,,0.10333333333333335,14.910000000000002,1.4400000000000002,2.73,12.780000000000001,91.14333333333333,0.0,10.246666666666668,1.58,5.163333333333333,13.020000000000001,0.5633333333333334,0.73,0.0,1.2299999999999998,12.303333333333335,75.36,25.0,58903.74599
18,Bolivia (Plurinational State of),65.66,58.05,4.17,7.16,0.71,2.24,11.15,1.41,0.65,23.68,6.35,5.59,10.92,0.0,0.65,2.48,4.57,2135.014841,44.0,64521463.96,Bolivia (Plurinational State of),,7062.0,2645.0,109858.0,3177.0,229.0,12.92,4422.0,10239.0,28.9333333333333,100.0,1697.0,3114.66666666666,,,,,,,,,,,,,,,,,,,
19,Bosnia and Herzegovina,90.27,73.49,15.75,3.72,0.22,2.47,4.94,1.27,1.31,37.47,15.12,0.35,20.97,0.23,0.12,3.92,3.11,4766.12659699999,33.0,2657977.372,Bosnia and Herzegovina,,1510.0,4717.0,5121.0,2138.0,105.0,7.505,1003.0,3648.0,20.1,100.0,452.5,363.0,0.5333333333333333,3.3666666666666667,0.03,1.2933333333333332,0.85,80.02666666666666,17.319999999999997,12.920000000000002,0.18000000000000002,1.74,3.0033333333333334,0.4566666666666667,0.20333333333333334,0.29,2.8033333333333332,20.23333333333333,65.19333333333333,22.0,3241.775525
20,Botswana,64.85,43.52,9.84,3.21,1.47,0.21,1.67,0.59,1.08,26.88,8.86,1.73,9.17,0.22,0.0,3.1,2.38,6933.048991,53.3,20328.48326,Botswana,0.607,1136.0,7030.0,58173.0,953.0,2.0,2.932,285.0,2089.0,,,254.0,466.0,0.06666666666666667,4.273333333333333,0.65,0.56,1.1866666666666665,66.86666666666666,8.33,11.543333333333331,1.59,0.21,1.6900000000000002,4.1066666666666665,1.4766666666666666,0.19333333333333336,2.4633333333333334,8.806666666666667,46.49666666666666,31.0,4268.599113333333
21,Brazil,94.36,83.84,13.26,14.66,0.23,3.33,13.65,2.45,2.84,22.38,5.04,6.56,10.16,0.01,0.02,9.84,1.78,11716.53545,53.3,519187505.2,Brazil,,168662.0,12266.0,851577.0,31899.0,7000.0,4.912,72607.0,200561.0,12.9916666666666,100.0,14637.3333333333,79792.0,0.0,12.776666666666666,0.11666666666666665,2.16,1.9333333333333333,81.07,4.43,10.643333333333333,0.24666666666666667,2.8766666666666665,9.459999999999999,0.08,7.0,0.013333333333333334,1.6933333333333334,9.33,62.64333333333333,27.0,5900.970695333333
22,Brunei Darussalam,90.49,77.91,6.19,4.17,0.76,1.7,21.4,4.98,10.63,27.04,2.73,13.57,10.33,0.0,0.13,0.73,0.59,35536.70242,,529338.8977,Brunei Darussalam,,314.2,42416.0,577.0,85.5,6.0,0.72045,4.0,399.7,,,,,0.02333333333333333,5.59,1.4900000000000002,5.166666666666667,8.413333333333334,86.60666666666667,4.166666666666667,6.433333333333334,0.5,1.4133333333333333,16.56,0.4633333333333333,12.933333333333332,0.0,0.5433333333333333,10.163333333333332,72.36999999999999,29.0,26589.25573
23,Bulgaria,82.02,72.09,14.28,1.55,0.69,7.46,8.49,2.55,1.91,32.9,4.57,0.55,27.5,0.1,0.0,1.36,1.09,7072.718334,37.4,4138948.34,Bulgaria,4.457,5311.0,7329.0,11100.0,1999.0,159.0,5.317,3317.0,7310.0,6.63333333333333,100.0,930.333333333333,2014.33333333333,0.22666666666666668,3.26,0.0,2.97,1.3166666666666667,83.30333333333333,2.3666666666666667,13.230000000000002,1.6500000000000001,6.333333333333333,6.996666666666667,0.23666666666666666,0.7266666666666666,0.09666666666666668,1.2666666666666666,31.03,71.70666666666666,19.0,3555.6120966666663
24,Burkina Faso,79.81,41.08,2.51,2.69,1.21,0.62,0.79,0.76,2.2,45.78,14.97,3.88,2.24,0.0,0.0,8.69,0.53,614.034172299999,35.3,132.1084525,Burkina Faso,,4501.0,673.8,27422.0,12070.0,100.0,35.06,6000.0,16571.0,,,,,0.0,2.6533333333333333,0.23,0.7200000000000001,1.0633333333333335,73.41666666666667,9.92,2.1133333333333333,1.33,0.5266666666666667,0.7733333333333334,7.716666666666666,3.366666666666667,0.0,0.35333333333333333,1.4466666666666665,31.98333333333333,17.0,391.8499468333334
25,Cabo Verde,72.43,63.64,10.55,0.94,0.71,3.43,6.4,1.4,3.51,27.0,8.72,9.45,8.5,0.0,0.02,8.1,1.9,3399.584315,47.2,7355.953906,Cabo Verde,,313.4,3408.0,403.0,200.6,4.0,8.447,55.0,514.0,,,,,0.0,1.4666666666666668,0.13333333333333333,1.1233333333333333,4.2,66.39999999999999,12.413333333333332,9.313333333333334,0.5499999999999999,4.8966666666666665,2.9,4.12,7.3133333333333335,0.0,1.53,8.37,58.19666666666666,45.0,1925.5421482666663
26,Cambodia,65.07,56.05,0.26,2.01,0.0,2.15,0.58,0.41,12.93,34.17,2.7,30.91,0.51,0.0,0.1,2.84,0.67,875.0845729,,8810198.041,Cambodia,,2993.0,950.0,18104.0,11784.0,155.0,35.6,3800.0,14777.0,42.9166666666666,100.0,5956.83333333333,1718.16666666666,0.0033333333333333335,1.9366666666666665,0.02666666666666667,0.36666666666666664,8.200000000000001,55.416666666666664,1.9666666666666668,0.25,0.0,2.3833333333333333,0.6133333333333333,0.0033333333333333335,31.609999999999996,0.0,0.49000000000000005,0.29333333333333333,48.11666666666667,121.0,645.08946475
27,Cameroon,69.2,44.89,1.41,1.67,0.57,0.51,1.11,0.11,4.58,25.15,8.54,4.05,4.71,0.0,0.07,12.94,4.62,1353.944388,46.6,31459331.0,Cameroon,,11431.0,1256.0,47544.0,9651.0,1550.0,23.18,6200.0,21082.0,,,,,0.14333333333333334,2.1033333333333335,0.0,0.16333333333333333,3.763333333333333,58.64666666666667,8.373333333333333,1.3866666666666667,0.69,0.3833333333333333,0.85,2.8166666666666664,2.89,0.0,4.3566666666666665,4.583333333333333,32.50333333333334,40.0,1006.2651257000001
28,Canada,104.48,89.51,13.22,11.17,0.35,6.45,13.14,3.74,5.55,25.42,2.49,2.07,20.12,0.37,0.0,7.56,3.27,48846.87761,34.0,418066969.3,Canada,,28321.0,52148.0,998467.0,6580.0,4870.0,1.76,43128.0,34901.0,1.8,100.0,2970.33333333333,14480.0,0.06333333333333334,12.136666666666665,0.17666666666666667,3.376666666666667,5.583333333333333,101.92999999999999,1.8533333333333335,14.336666666666666,0.32666666666666666,7.57,12.103333333333333,3.7699999999999996,1.406666666666667,0.21,3.473333333333333,19.576666666666668,85.78666666666666,33.0,32478.583176666667
29,Central African Republic,50.85,36.89,1.4,6.89,1.99,1.2,0.49,0.15,2.49,13.08,7.12,1.38,1.77,0.0,0.0,4.97,7.05,411.4934672,56.2,47076844.28,Central African Republic,,1777.0,486.5,62298.0,2713.0,80.0,54.32,1800.0,4490.0,,,,,0.0,7.023333333333333,0.09666666666666668,0.1366666666666667,1.78,47.419999999999995,5.949999999999999,1.45,1.3366666666666667,1.02,0.38999999999999996,4.076666666666667,0.98,0.0,7.006666666666667,1.8933333333333333,33.04333333333334,32.0,397.6556938333333
30,Chad,62.55,22.59,1.86,3.28,1.36,0.02,0.15,0.07,1.93,35.98,3.63,1.91,2.07,0.0,0.19,4.33,1.79,905.6067534,43.3,409749.2184,Chad,,2755.0,973.5,128400.0,9950.0,35.0,55.09,4900.0,12705.0,,,,,0.0,4.006666666666667,4.243333333333333,0.09333333333333334,2.4866666666666664,60.29,2.7099999999999995,2.056666666666667,1.3533333333333335,0.016666666666666666,0.18000000000000002,1.3966666666666667,1.8533333333333335,0.0,2.013333333333333,1.6799999999999997,19.846666666666664,227.0,496.89074223333336
31,Chile,85.97,78.97,9.32,8.03,0.2,7.18,12.22,2.68,3.47,31.21,5.19,1.67,23.28,0.05,0.01,2.5,3.18,14059.65094,46.6,19287066.42,Chile,,15541.0,15309.0,75610.0,1769.0,457.0,3.213,1283.0,17310.0,9.64166666666666,100.0,901.416666666666,6465.5,0.27,7.196666666666666,0.09333333333333334,2.026666666666667,4.016666666666667,79.75333333333333,3.1799999999999997,9.366666666666667,0.2866666666666667,5.093333333333334,8.566666666666668,1.1933333333333334,1.5200000000000002,0.07333333333333333,3.39,25.546666666666667,71.72666666666667,37.0,7752.539368333334
32,"China, Hong Kong SAR",128.76,98.32,8.81,9.86,0.66,16.64,21.3,4.53,17.38,19.07,0.49,7.63,10.02,0.01,0.02,0.73,0.24,34325.77821,,62046.25276,"China,,,,,,,,,
China",,,,,,,,,,,100.0,,,,,,,,,,,,,,,,,,,,,
33,"China, Macao SAR",95.26,79.36,4.94,4.57,0.31,17.35,12.12,4.48,15.11,18.57,0.05,7.15,10.78,0.0,0.02,1.88,0.59,66970.48546,,412.5431647,"China,,,,,,,,,
China",,,,,,,,,,,100.0,,,,,,,,,,,,,,,,,,,,,
34,"China, mainland",97.01,73.02,3.01,1.83,1.14,11.23,4.16,5.87,8.25,34.15,1.21,14.84,17.64,0.02,0.33,0.8,2.69,5343.09963,38.6,162739064.4,China,13.66,739846.0,6017.0,960000.0,666285.0,16006.0,9.52799999999999,106521.0,1406131.0,33.2666666666666,100.0,394493.333333333,372510.0,,,,,,,,,,,,,,,,,,,
35,"China, Taiwan Province of",88.93,65.17,3.8,2.05,0.35,11.7,10.95,3.83,8.98,22.13,1.27,8.37,11.6,0.0,0.21,1.66,0.41,,,,,,,,,,,,,,5.03333333333333,100.0,,,,,,,,,,,,,,,,,,,,,
36,Colombia,63.69,55.97,10.86,6.43,0.09,1.77,7.61,2.92,1.82,17.94,5.85,5.53,6.3,0.0,0.28,4.08,2.45,6825.34957,49.7,81781025.75,Colombia,,36066.0,7892.0,114175.0,10815.0,1875.0,6.327,1578.0,46881.0,17.2666666666666,100.0,4463.0,15883.3333333333,0.20666666666666667,6.336666666666666,0.0033333333333333335,2.2399999999999998,1.45,61.623333333333335,6.613333333333333,11.286666666666667,0.11666666666666665,1.2966666666666666,5.3133333333333335,1.1366666666666667,5.82,0.0,2.5700000000000003,5.8566666666666665,50.24333333333334,43.0,3967.703716666667
37,Congo (note no data in Food suppley tables for DRC),51.69,37.83,1.02,1.42,0.15,0.54,5.2,0.18,7.65,13.86,0.92,3.33,9.28,0.0,0.82,2.14,5.16,2780.123332,48.9,26384045.99,Congo (note no data in Food suppley tables for DRC),,2780.0,2952.0,34200.0,1853.0,72.0,3.926,530.0,4633.0,,,19109.0,8297.0,,,,,,,,,,,,,,,,,,,
38,Costa Rica,75.18,65.91,16.37,6.57,0.01,2.62,6.82,2.67,3.74,20.57,2.6,8.58,8.2,0.0,0.0,6.66,1.06,8685.196452,48.3,3913049.09199999,Costa Rica,1.48099999999999,3553.0,9734.0,5110.0,1101.0,315.0,5.8365,232.0,4654.0,11.0666666666666,100.0,484.916666666666,1502.5,0.6533333333333333,6.623333333333332,0.06,2.78,2.223333333333333,70.01333333333334,2.6700000000000004,15.483333333333334,0.0033333333333333335,2.096666666666667,5.6866666666666665,0.21,8.933333333333332,0.0,1.1966666666666668,7.4366666666666665,55.99666666666666,46.0,5555.184214666667
39,CÃƒÂ´te d'Ivoire,58.27,42.41,0.73,0.71,0.27,0.37,0.72,0.49,4.95,22.27,5.07,11.56,4.77,0.0,0.11,1.47,11.19,1224.717461,41.5,14872640.2,CâˆšÃ‰Â¬Â¥te d'Ivoire,,10325.0,1262.0,32246.0,11094.0,4500.0,22.53,2900.0,21419.0,,,,,,,,,,,,,,,,,,,,,,,
40,Croatia,83.2,73.03,19.05,4.55,0.51,10.32,2.94,2.55,5.88,25.39,1.65,0.47,22.79,0.15,0.0,0.48,1.68,13737.036,31.1,2431307.001,Croatia,,2501.0,13145.0,5659.0,1796.0,79.0,4.473,906.4,4297.0,12.5333333333333,100.0,422.0,1149.66666666666,0.03666666666666667,3.5766666666666667,0.1366666666666667,2.7166666666666663,3.6,73.07000000000001,1.64,16.496666666666666,0.38000000000000006,6.830000000000001,3.15,0.06333333333333334,0.3433333333333333,0.09666666666666668,3.1366666666666667,21.566666666666666,63.633333333333326,97.0,9748.038268
41,Cuba,87.08,69.78,7.63,2.42,0.53,5.66,5.71,2.6,1.5,29.33,6.53,12.52,10.28,0.0,0.02,11.72,2.68,5980.926295,,4014607.34399999,Cuba,11.85,8654.0,6571.5,10988.0,2728.0,420.0,4.999,3135.0,11382.0,19.2,100.0,,,0.0,2.5133333333333336,0.0033333333333333335,2.233333333333333,2.07,71.00333333333333,4.013333333333333,7.223333333333334,0.37666666666666665,3.5966666666666662,3.98,4.623333333333334,12.016666666666667,0.0,2.25,10.293333333333331,55.19,48.0,3825.9880253333336
42,Cyprus,79.71,66.99,12.82,2.57,2.12,9.43,9.36,2.54,6.1,19.35,0.43,0.98,17.69,0.0,0.03,2.04,0.89,28681.41218,34.0,89657.93338,Cyprus,21.705,759.4,21974.0,925.0,375.6,28.5,2.387,85.8,1135.0,3.26666666666666,100.0,95.3333333333333,287.333333333333,0.006666666666666667,3.066666666666667,0.05000000000000001,2.526666666666667,5.45,84.89333333333333,0.3466666666666667,13.883333333333333,3.7733333333333334,8.950000000000001,9.893333333333333,1.4100000000000001,0.86,0.0033333333333333335,1.0933333333333333,18.656666666666666,69.91999999999999,51.0,18796.078383333333
43,Czechia,88.38,75.87,19.85,3.01,0.11,11.04,6.94,3.55,2.62,24.67,0.0,0.85,21.11,2.15,0.19,1.23,3.19,19958.3812699999,25.9,3078239.305,Czechia,0.33155,7794.0,19458.0,7887.0,2793.0,76.0,2.622,3157.0,10587.0,,,,,,,,,,,,,,,,,,,,,,,
44,Democratic People's Republic of Korea,55.57,43.36,0.32,0.33,0.27,1.4,0.55,1.46,2.58,27.69,9.04,12.74,4.62,0.61,0.01,6.82,2.62,,,,Democratic People's Republic of Korea,,14966.0,,12054.0,9888.0,230.0,,2350.0,24854.0,,,,,,,,,,,,,,,,,,,,,,,
45,Denmark,106.36,88.99,22.33,10.08,0.3,6.93,9.87,5.06,8.14,25.87,0.74,1.0,19.24,2.5,0.0,0.64,2.16,58617.16236,28.2,663203.784,Denmark,2.733,4878.0,7915.0,4292.0,36183.0,6.0,1.931,2418.0,41061.0,2.5,100.0,1070.33333333333,1622.66666666666,0.016666666666666666,8.979999999999999,0.0033333333333333335,5.1000000000000005,8.209999999999999,105.09666666666665,1.03,19.006666666666664,0.31,11.016666666666666,7.5200000000000005,0.08333333333333333,0.6466666666666666,3.0033333333333334,2.626666666666667,18.273333333333333,85.82333333333332,56.0,40435.28255
46,Djibouti,64.24,58.78,4.47,3.58,2.03,0.04,0.92,0.18,1.01,37.06,0.19,8.04,28.16,0.0,1.31,8.18,0.66,,41.6,0.0,Djibouti,,662.9,1536.0,2320.0,218.3,0.0,,2.0,881.2,,,,,0.006666666666666667,2.89,1.5366666666666664,0.18333333333333335,0.7333333333333334,50.129999999999995,0.27999999999999997,5.133333333333333,2.35,0.06999999999999999,0.7066666666666667,0.7233333333333333,7.47,0.013333333333333334,0.33,19.576666666666668,40.46666666666667,54.0,1035.1890448666666
47,Dominica,79.91,66.61,15.16,3.86,0.55,4.04,10.21,0.67,6.52,19.41,1.22,1.93,14.54,0.0,0.0,3.07,4.84,6776.509019,,70924.8262,Dominica,,49.23,6735.0,75.0,22.81,17.0,14.42,6.0,72.04,,,,,0.8833333333333333,4.033333333333334,0.07666666666666667,0.63,8.383333333333333,82.50333333333333,1.07,14.083333333333334,0.6166666666666666,4.17,12.106666666666664,2.0966666666666662,2.006666666666667,0.0,3.776666666666667,15.696666666666665,69.55333333333333,55.0,4938.589228333333
48,Dominican Republic,57.39,49.26,5.85,3.77,0.09,2.6,7.97,2.06,2.33,17.54,1.24,9.81,6.45,0.0,0.0,6.15,0.95,5672.432956,45.7,2576426.321,Dominican Republic,,7814.0,5967.0,4867.0,2341.0,355.0,6.271,800.0,10155.0,11.5,100.0,868.0,2955.0,0.0,3.496666666666666,0.006666666666666667,1.7366666666666666,2.4766666666666666,50.93000000000001,1.2633333333333334,6.4366666666666665,0.08333333333333333,1.9033333333333333,6.103333333333333,2.14,8.833333333333334,0.0,0.8866666666666667,5.8500000000000005,41.21,57.0,3530.606701666666
49,Ecuador,61.83,54.73,12.29,6.54,0.17,3.75,6.94,2.15,2.41,18.78,1.71,8.37,7.94,0.0,0.03,1.44,0.98,5131.632577,44.7,19065845.07,Ecuador,,9774.0,5702.0,25637.0,5646.0,1383.0,9.062,1148.0,15420.0,27.5333333333333,100.0,2189.0,4299.66666666666,0.21333333333333335,5.5200000000000005,0.013333333333333334,1.5133333333333334,1.8933333333333333,55.876666666666665,1.5266666666666666,10.28,0.23333333333333336,2.9266666666666663,4.786666666666666,1.07,8.676666666666668,0.0,1.5,7.293333333333334,47.43333333333334,64.0,3192.0754166666666
50,Egypt,103.01,88.35,6.05,4.91,0.64,0.0,4.51,1.2,6.33,60.2,15.87,8.03,35.49,0.0,0.0,3.98,1.35,2592.42397899999,31.8,154302.7582,Egypt,107.0,34712.0,3143.0,100145.0,53101.0,867.0,11.14,2829.0,87813.0,28.0999999999999,100.0,13780.3333333333,9848.0,,,,,,,,,,,,,,,,,,,
51,El Salvador,71.47,62.58,10.31,2.98,0.01,0.73,5.67,2.31,2.26,30.16,17.6,1.9,6.69,0.0,0.97,10.08,1.06,3160.802066,38.0,988823.0839,El Salvador,,4111.0,3828.0,2104.0,2110.0,215.0,11.92,719.0,6221.0,21.1666666666666,100.0,865.0,1686.66666666666,0.0,3.013333333333333,0.08333333333333333,2.31,1.6066666666666667,68.00333333333333,19.333333333333332,8.86,0.01,0.6233333333333333,4.0,0.013333333333333334,1.8399999999999999,0.0,0.8233333333333333,7.1499999999999995,49.58333333333333,209.0,2215.3329663333334
52,Estonia,100.41,90.17,24.0,4.21,0.17,7.75,6.78,3.5,3.95,31.61,1.15,0.48,24.0,4.09,3.34,3.12,3.62,16418.4775,32.7,2639428.158,Estonia,0.0351,875.6,17461.0,4523.0,449.4,6.8,3.983,620.5,1325.0,4.39999999999999,100.0,259.666666666666,353.333333333333,1.5033333333333332,6.6433333333333335,0.31666666666666665,3.75,5.863333333333333,97.73333333333333,0.6033333333333334,28.173333333333336,0.22666666666666668,7.013333333333333,5.466666666666668,0.0033333333333333335,0.34,5.413333333333334,4.18,17.94666666666667,87.12666666666668,69.0,11365.119000499999
53,Ethiopia,61.39,38.95,3.88,1.59,0.59,0.01,0.21,0.11,0.08,36.44,9.31,0.33,8.49,0.0,0.03,11.36,2.96,394.0334503,39.1,12040332.24,Ethiopia,,16658.0,468.5,110430.0,75786.0,1142.0,47.98,15346.0,92444.0,71.0,100.0,36021.0,6383.0,,,,,,,,,,,,,,,,,,,
54,Fiji,75.86,68.82,3.94,3.85,2.0,1.36,8.56,1.39,10.4,25.08,0.02,7.49,17.19,0.0,1.11,6.83,4.68,3786.143043,36.7,1617794.501,Fiji,,460.1,4553.0,1827.0,413.5,85.0,11.45,165.0,873.6,43.2,100.0,168.0,186.0,0.07333333333333333,4.533333333333332,0.15333333333333335,1.1366666666666667,8.526666666666667,73.33,0.12666666666666668,4.1499999999999995,4.02,1.3733333333333333,6.036666666666666,1.8966666666666667,8.933333333333334,0.0,3.393333333333333,18.186666666666667,62.38666666666666,74.0,2954.4003300000004
55,Finland,115.98,101.18,31.22,7.96,0.19,9.42,7.86,2.91,10.36,30.44,0.0,0.84,23.17,3.7,0.1,0.73,2.72,46388.07505,27.1,21627650.23,Finland,,4533.0,47478.0,33842.0,880.0,4.0,2.733,2249.0,5413.0,4.13333333333333,100.0,973.666666666666,1497.33333333333,0.8366666666666666,7.886666666666667,0.15,2.983333333333333,9.596666666666666,105.46333333333332,0.0,28.37,0.12666666666666668,8.770000000000001,5.996666666666667,0.016666666666666666,0.8866666666666667,3.7000000000000006,3.0,20.676666666666666,92.84666666666666,73.0,32195.69108
56,France,111.2,97.06,22.88,9.78,1.14,8.77,8.99,3.95,9.07,29.29,1.83,1.09,25.88,0.07,0.26,1.14,2.22,41208.51468,32.7,16783020.19,France,,50395.0,42112.0,54909.0,13245.0,1004.0,1.819,18282.0,63640.0,2.96666666666666,100.0,7511.66666666666,18271.3333333333,0.09666666666666668,10.976666666666667,0.10666666666666667,4.41,8.213333333333333,115.15333333333335,1.973333333333333,25.093333333333334,1.2766666666666666,9.049999999999999,9.293333333333335,0.3633333333333333,0.9633333333333334,0.08,2.736666666666667,23.540000000000003,98.06666666666666,75.0,29621.92099
57,French Polynesia,97.43,83.75,8.8,13.13,1.07,4.16,16.56,2.71,13.29,20.25,0.0,6.16,13.82,0.0,0.38,1.85,1.81,,,8162751.47,French Polynesia,,,,,,,,,,,,,,0.08666666666666667,13.423333333333332,0.25666666666666665,2.4166666666666665,12.770000000000001,94.87333333333333,0.0,8.463333333333333,1.6866666666666665,4.023333333333333,14.583333333333334,1.1366666666666667,5.866666666666667,0.0,1.7733333333333334,14.606666666666667,80.83666666666669,197.0,17334.65411
58,Gabon,85.3,60.32,3.09,2.59,0.52,2.23,11.77,0.35,10.01,24.56,3.62,6.96,13.54,0.0,0.0,0.15,5.48,9226.986465,38.0,,Gabon,,1410.0,9773.0,26767.0,347.0,170.0,3.655,325.0,1757.0,,,,,0.2866666666666667,4.6466666666666665,0.0,0.42333333333333334,9.566666666666666,77.51666666666667,2.7533333333333334,2.663333333333333,0.42333333333333334,1.9633333333333336,6.696666666666666,0.1366666666666667,6.489999999999999,0.0,5.476666666666667,11.346666666666666,52.87333333333333,78.0,6481.032088
59,Gambia,62.52,42.08,4.58,0.9,0.32,0.08,1.23,0.23,6.76,40.66,3.32,11.99,10.07,0.0,1.72,0.67,0.2,532.5079456,35.9,24690965.71,Gambia,,1034.0,506.4,1130.0,768.0,5.0,24.54,440.0,1802.0,29.6,100.0,273.0,271.0,,,,,,,,,,,,,,,,,,,
60,Georgia,78.52,69.95,13.18,2.39,0.25,1.91,4.26,1.7,3.16,43.74,5.56,0.45,34.7,0.03,0.06,0.02,2.27,3441.26797599999,37.9,4562.45665,Georgia,,2317.0,3857.0,6970.0,1791.0,125.0,8.591,370.0,4108.0,47.5,100.0,908.333333333333,740.0,1.3066666666666666,3.44,0.26666666666666666,1.4133333333333333,1.9933333333333334,71.71333333333334,6.766666666666667,11.44,0.42,2.223333333333333,2.4766666666666666,0.0033333333333333335,0.16666666666666666,0.01,2.2399999999999998,31.373333333333335,65.27333333333334,80.0,1953.4701533333337
61,Germany,102.2,88.21,24.37,4.75,0.27,14.47,7.28,3.85,4.45,26.41,1.88,0.62,21.12,1.97,0.02,0.51,2.67,44246.44273,31.7,3144573.09199999,Germany,0.3877,61842.0,43668.0,35717.0,19224.0,200.0,0.7718,11834.0,81066.0,1.56666666666666,100.0,8119.0,31029.3333333333,0.18000000000000002,5.336666666666666,0.13333333333333333,3.9599999999999995,4.096666666666667,98.12666666666667,1.6499999999999997,21.75,0.2966666666666667,14.426666666666668,5.816666666666666,0.10999999999999999,0.5066666666666667,2.2533333333333334,2.9933333333333336,19.326666666666664,82.70333333333333,53.0,31867.983599999996
62,Ghana,66.19,48.74,0.87,0.47,0.69,0.37,2.56,0.34,8.64,18.0,6.24,5.76,3.1,0.0,0.08,6.19,13.43,1550.88339,43.5,12526554.27,Ghana,,13208.0,1630.0,23854.0,12525.0,2700.0,23.6,4700.0,25733.0,45.2,100.0,6177.0,5862.0,0.02666666666666667,0.7766666666666667,0.006666666666666667,0.25,8.91,55.620000000000005,4.976666666666667,0.7000000000000001,0.4666666666666666,0.2733333333333333,1.23,0.43,4.29,0.06999999999999999,12.483333333333334,2.52,37.403333333333336,81.0,784.6840110333334
63,Greece,108.87,92.5,24.99,6.07,4.82,7.06,6.03,2.86,5.18,29.21,0.34,1.13,27.25,0.05,0.88,2.88,2.96,23192.4984,36.0,6955668.12,Greece,11.58,8566.0,21621.0,13196.0,2812.0,1136.0,3.66399999999999,2540.0,11378.0,13.0333333333333,100.0,1318.66666666666,2435.66666666666,0.04666666666666667,6.946666666666666,0.4266666666666667,2.9666666666666663,5.553333333333334,111.52666666666669,0.3333333333333333,23.959999999999997,4.973333333333333,6.476666666666667,6.11,1.3366666666666667,1.14,0.053333333333333344,3.1233333333333335,29.38,92.39999999999999,87.0,15843.151253333335
64,Grenada,68.8,60.73,8.86,1.79,0.56,3.36,13.97,2.8,8.89,16.68,0.95,2.34,12.14,0.0,0.0,4.1,0.97,7365.20659899999,,28534.39673,Grenada,,37.55,7582.0,34.0,67.95,4.0,5.599,3.0,105.5,,,,,0.9266666666666666,2.5666666666666664,0.24333333333333337,2.353333333333333,10.303333333333333,68.92,0.8366666666666666,10.959999999999999,0.5,3.0833333333333335,10.596666666666666,2.64,2.1566666666666667,0.0,1.0066666666666666,11.719999999999999,59.65,88.0,5355.479055666667
65,Guatemala,64.06,57.46,4.25,2.45,0.09,1.27,4.87,3.95,0.4,31.13,21.09,1.05,8.5,0.0,0.0,9.18,0.36,2910.593243,48.3,94757.79386,Guatemala,,7573.0,3300.0,10889.0,7698.0,1020.0,11.24,1067.0,15271.0,33.6,100.0,2822.0,2901.0,0.0,2.0533333333333332,0.13333333333333333,3.266666666666667,0.5066666666666667,61.47,23.383333333333336,4.0633333333333335,0.08333333333333333,1.0466666666666666,4.036666666666666,1.82,1.2333333333333334,0.0,0.26666666666666666,7.783333333333334,49.54333333333334,90.0,2025.6017483333333
66,Guinea,55.26,41.98,1.78,2.44,0.6,0.05,0.61,0.54,2.74,28.82,2.08,21.39,3.52,0.0,0.0,2.64,3.59,675.3789775,33.7,8159637.373,Guinea,,4094.0,502.4,24586.0,7187.0,700.0,20.54,3000.0,11281.0,,,,,0.0,1.7300000000000002,1.5033333333333332,0.4266666666666667,2.9600000000000004,53.46333333333333,2.123333333333333,1.3233333333333335,0.4033333333333333,0.06333333333333334,0.3133333333333333,3.703333333333333,20.35666666666667,0.0,3.263333333333333,2.94,39.60666666666667,83.0,495.2765064666667
67,Guinea-Bissau,43.97,33.91,1.71,1.6,0.57,2.92,0.65,0.2,0.44,26.52,1.35,18.53,2.34,0.0,0.01,1.81,1.78,559.8100294,50.7,1069848.463,Guinea-Bissau,,780.6,607.8,3613.0,857.4,250.0,48.33,300.0,1638.0,,,,,0.0,1.5733333333333335,0.24,0.17333333333333334,0.8933333333333335,44.696666666666665,2.15,1.79,0.5033333333333333,2.75,0.4566666666666667,1.0866666666666667,19.82,0.0,1.8833333333333335,1.7633333333333334,34.843333333333334,85.0,379.4520225666667
68,Guyana,77.55,67.5,12.77,1.16,0.41,0.61,11.5,0.3,8.07,28.07,0.39,14.68,12.62,0.0,0.0,3.76,1.23,3340.731175,44.6,18996031.44,Guyana,,225.2,3786.0,21497.0,527.9,28.0,18.69,420.0,753.1,,,,,0.0033333333333333335,1.43,0.16333333333333333,0.25,11.163333333333332,73.96333333333335,0.37000000000000005,10.270000000000001,0.42,0.4633333333333334,8.403333333333334,0.9966666666666667,15.693333333333333,0.0,1.26,12.33,63.053333333333335,92.0,1754.9475092333334
69,Haiti,47.45,41.55,1.77,1.79,0.31,1.27,2.29,0.14,1.45,19.25,5.57,8.45,4.23,0.0,0.01,11.47,2.79,702.0172057,41.1,858466.3059,Haiti,,5579.0,766.9,2775.0,4710.0,280.0,,1000.0,10289.0,,,,,0.0,1.67,0.07333333333333333,0.12666666666666668,0.9233333333333332,43.663333333333334,5.54,1.5266666666666666,0.3333333333333333,1.1433333333333333,1.2433333333333334,4.053333333333334,6.79,0.0,2.1166666666666667,6.55,32.016666666666666,98.0,488.4713605333333
70,Honduras,64.65,59.05,8.75,3.16,0.01,1.64,6.69,1.41,1.09,30.36,19.05,2.87,7.59,0.0,0.08,6.45,0.26,2005.36830199999,50.5,7740482.355,Honduras,,4200.0,2178.0,11249.0,4306.0,455.0,14.61,1020.0,8506.0,35.6,100.0,1656.66666666666,1527.33333333333,0.0033333333333333335,3.186666666666666,0.08666666666666667,1.41,0.8033333333333333,60.576666666666675,20.686666666666667,8.873333333333333,0.013333333333333334,1.03,4.7700000000000005,0.0,2.0,0.0,0.18333333333333335,6.59,49.55,95.0,1417.7686942
71,Hungary,80.48,72.08,14.56,1.56,0.05,10.64,9.71,3.95,1.49,26.18,0.05,0.46,25.19,0.18,0.0,2.02,2.23,13351.22053,30.4,1990161.219,Hungary,0.3096,6967.0,12867.0,9303.0,2903.0,182.0,4.609,4397.0,9870.0,4.93333333333333,100.0,1360.66666666666,2465.66666666666,0.01,3.3800000000000003,0.049999999999999996,5.199999999999999,1.2166666666666666,87.87,0.09999999999999999,15.38,0.08333333333333333,12.633333333333335,11.216666666666667,0.23666666666666666,0.6366666666666666,0.25000000000000006,2.6633333333333336,23.52,76.52666666666667,99.0,7762.942562666667
72,Iceland,133.14,114.99,31.17,5.18,7.36,5.35,10.49,2.52,27.52,24.28,0.0,0.7,22.26,0.26,0.15,0.43,1.62,43240.18047,27.8,,Iceland,0.0002,305.8,43608.0,10300.0,19.7,0.0,7.332,121.2,325.5,5.13333333333333,100.0,34.0,93.0,0.47333333333333333,5.170000000000001,0.0,2.5033333333333334,25.790000000000003,125.38333333333334,0.0,28.636666666666667,8.299999999999999,4.38,6.6499999999999995,0.07,0.5800000000000001,0.5033333333333333,1.9166666666666667,22.349999999999998,107.32333333333332,112.0,34885.549230000004
73,India,59.82,49.93,8.19,0.4,0.24,0.09,0.63,0.73,1.55,32.34,1.3,13.09,14.66,0.0,0.0,7.93,1.13,1480.504426,35.7,38813138.45,India,,391171.0,1441.0,328726.0,871895.0,12800.0,18.25,156546.0,1263066.0,47.0,100.0,276526.0,106700.0,0.19333333333333336,0.6466666666666666,0.0,0.5266666666666667,1.36,56.76333333333334,1.2733333333333334,6.593333333333334,0.25333333333333335,0.12333333333333334,0.39333333333333337,4.473333333333334,13.21,0.0,0.8933333333333332,14.866666666666665,44.806666666666665,107.0,745.8642067333334
74,Indonesia,61.78,53.72,1.28,0.92,0.18,0.9,2.43,1.44,9.44,35.08,5.87,24.41,4.77,0.0,0.15,0.78,1.13,3412.735487,38.1,160974919.3,Indonesia,,127105.0,3688.0,191093.0,121778.0,22000.0,13.37,23500.0,248883.0,36.0333333333333,100.0,58345.6666666666,54190.0,0.0,0.7466666666666667,0.0,1.1266666666666667,7.3,55.620000000000005,5.22,0.8333333333333334,0.20333333333333334,0.8366666666666666,1.7733333333333334,0.03666666666666667,23.95,0.0,1.0733333333333333,3.6733333333333333,46.773333333333326,104.0,1756.4508498666667
75,Iran (Islamic Republic of),86.92,74.23,4.64,1.9,1.45,0.0,9.03,1.98,2.8,43.32,0.58,5.01,37.58,0.0,1.22,6.33,1.73,6213.12294,40.0,1731595.626,Iran (Islamic Republic of),,54849.0,7678.0,174515.0,21605.0,1731.0,7.875,15038.0,76454.0,18.5666666666666,100.0,,,,,,,,,,,,,,,,,,,,,
76,Iraq,62.22,56.06,2.07,1.05,0.69,0.0,5.07,2.53,0.91,42.6,0.07,7.87,33.45,0.0,0.09,1.79,0.48,5087.929698,29.5,17502.0237199999,Iraq,,22674.0,6651.0,43524.0,10103.0,250.0,,4318.0,32777.0,,,2276.0,5337.0,3.086666666666666,1.1433333333333333,0.0,1.1866666666666668,0.57,57.61333333333332,0.48000000000000004,2.6566666666666667,0.5633333333333334,0.0,2.2433333333333336,1.79,6.989999999999999,0.0,0.6033333333333333,30.223333333333333,51.53666666666666,111.0,6651.122420000001
77,Ireland,108.0,93.67,23.71,8.98,1.13,8.35,10.09,2.76,5.22,29.48,1.73,0.59,25.88,0.06,0.11,1.67,3.39,49961.34315,31.8,841570.7698,Ireland,,2855.0,48097.0,7028.0,1823.0,1.0,1.242,1170.0,4678.0,5.76666666666666,100.0,951.333333333333,951.0,0.25999999999999995,9.283333333333333,0.18333333333333335,2.5733333333333337,5.003333333333333,111.79,2.2733333333333334,23.676666666666666,2.0300000000000002,9.426666666666666,10.553333333333333,0.11666666666666668,0.48,0.06999999999999999,4.286666666666666,24.376666666666665,94.40999999999998,109.0,32406.379943333333
78,Israel,127.41,109.09,19.45,11.08,0.73,0.61,27.13,3.42,5.66,34.39,1.24,2.69,29.99,0.01,0.06,5.24,1.78,31728.94463,38.9,29485.2852199999,Israel,,7028.0,33771.0,2207.0,671.0,91.4,,294.8,7699.0,1.29999999999999,100.0,307.666666666666,2970.33333333333,0.10000000000000002,8.773333333333333,0.023333333333333334,3.97,5.076666666666667,122.56666666666668,2.7433333333333336,19.04,0.5566666666666666,0.6166666666666667,25.236666666666668,3.4233333333333333,2.0,0.016666666666666666,1.7933333333333332,30.049999999999997,103.39666666666666,113.0,21907.840336666664
79,Italy,109.16,94.19,17.55,8.16,0.36,10.48,7.68,3.87,6.97,34.74,0.69,1.1,32.67,0.01,0.03,3.12,1.5,34922.24288,35.4,9318960.605,Italy,,41743.0,34654.0,30134.0,17991.0,2442.0,2.189,7118.0,59734.0,3.66666666666666,100.0,4487.0,17964.6666666666,0.07,9.590000000000002,0.08,3.8000000000000003,6.696666666666666,111.00333333333333,0.6733333333333333,17.55666666666667,0.4966666666666666,9.966666666666667,7.8500000000000005,1.58,1.0766666666666667,0.01,1.6733333333333331,33.13666666666666,94.17666666666666,114.0,26725.811976666664
80,Jamaica,76.63,65.71,8.67,2.1,0.56,0.85,15.85,0.63,6.7,24.93,1.31,5.68,17.56,0.0,0.16,2.17,3.46,4715.497901,45.5,768439.9916,Jamaica,,1499.0,5191.0,1099.0,1342.0,95.0,6.75799999999999,120.0,2841.0,18.0333333333333,100.0,,,0.05000000000000001,3.0766666666666667,0.060000000000000005,0.6166666666666666,6.183333333333334,72.64666666666666,1.5433333333333332,9.85,0.5233333333333333,0.6733333333333333,13.036666666666667,0.45999999999999996,5.986666666666667,0.0,4.036666666666667,16.13,62.16666666666667,115.0,3412.5653173333335
81,Japan,87.9,70.97,7.18,3.56,0.05,5.61,6.93,5.98,17.96,21.98,0.16,10.99,10.74,0.0,0.1,0.86,0.86,45354.9367,32.1,26387250.17,Japan,,116946.0,46408.0,37796.0,11480.0,303.0,1.214,4246.0,128426.0,3.73333333333333,100.0,,,0.18000000000000002,3.5500000000000003,0.09333333333333334,6.136666666666667,22.53333333333333,93.26333333333332,0.21333333333333335,7.75,0.09666666666666666,5.053333333333334,5.830000000000001,0.05666666666666667,11.58,0.0,0.9633333333333333,9.950000000000001,73.89333333333333,117.0,37452.45874666666
82,Jordan,80.95,72.49,7.97,2.46,2.23,0.01,12.0,1.48,1.43,39.28,0.52,4.2,34.43,0.0,0.1,4.77,0.91,3487.176862,33.7,2271.393285,Jordan,49.31,5816.0,3871.0,8932.0,2177.0,85.9,3.13199999999999,217.0,7993.0,,,,,0.06,1.9800000000000002,0.10666666666666667,1.8733333333333333,1.1933333333333334,75.64666666666666,0.24666666666666667,7.123333333333334,2.5033333333333334,0.0033333333333333335,9.186666666666666,4.59,4.286666666666666,0.0,0.5866666666666666,33.449999999999996,67.08333333333333,116.0,2340.505129333333
83,Kazakhstan,95.91,81.06,25.58,9.27,3.51,3.41,6.03,2.4,1.59,24.96,0.15,1.49,20.91,0.15,1.22,0.5,4.84,9965.06,27.5,4240316.035,Kazakhstan,12.63,8698.0,12765.0,272490.0,8223.0,127.2,4.662,29332.0,16921.0,25.4,100.0,4563.33333333333,3896.66666666666,1.1533333333333333,8.976666666666667,0.37999999999999995,2.27,1.2633333333333334,91.85666666666667,0.11666666666666668,19.78333333333333,3.8266666666666667,3.58,3.526666666666667,0.02333333333333333,2.1700000000000004,1.16,4.2299999999999995,28.976666666666663,81.05666666666666,118.0,5186.611614666667
84,Kenya,62.56,55.16,7.88,4.02,0.76,0.06,0.19,0.53,1.26,28.03,17.46,2.13,7.62,0.0,0.03,9.91,3.32,1021.34,40.8,3319482.42,Kenya,,10522.0,1155.0,58037.0,33125.0,530.0,29.09,5900.0,43647.0,,,,,0.0033333333333333335,3.9266666666666663,0.01,0.4266666666666667,1.2233333333333334,57.94333333333333,18.813333333333333,7.706666666666666,0.8633333333333333,0.08,0.21666666666666667,3.15,1.0433333333333332,0.0,2.4266666666666667,5.45,45.330000000000005,119.0,626.5697492666667
85,Kiribati,74.44,63.39,1.92,2.95,0.05,2.91,5.32,0.75,22.3,22.83,0.0,11.67,11.02,0.0,0.0,0.03,4.47,1556.044114,37.0,,Kiribati,,44.29,1642.0,81.0,62.31,32.0,25.89,2.0,106.6,,,,,0.0,3.233333333333333,0.12666666666666668,0.5833333333333334,21.80666666666667,70.65666666666667,0.0,1.6866666666666668,0.06333333333333334,2.7733333333333334,4.19,0.01,10.143333333333333,0.0,4.38,11.24,60.11,122.0,1083.1623339333335
86,Kuwait,104.67,90.58,13.21,4.06,5.36,0.0,20.21,3.57,3.94,35.0,1.02,10.51,23.37,0.0,0.0,3.59,1.73,39103.3109399999,,0.0,Kuwait,,3195.0,51237.0,1782.0,201.0,6.0,0.3322,10.0,3396.0,,,,,0.0,2.8066666666666666,0.12666666666666668,2.9133333333333336,2.7733333333333334,87.24000000000001,0.8433333333333334,11.516666666666666,5.633333333333333,0.0,14.38,2.9333333333333336,9.913333333333332,0.0,0.94,20.87,75.52333333333333,125.0,34526.74557499999
87,Kyrgyzstan,85.27,76.72,19.37,6.02,3.29,1.27,1.56,1.35,0.69,36.95,4.57,1.22,30.68,0.03,0.27,2.13,4.28,936.8605805,27.3,674974.2564,Kyrgyzstan,30.06,1938.0,1181.0,19995.0,3656.0,74.8,19.18,1277.0,5594.0,38.7,100.0,1039.0,495.833333333333,,,,,,,,,,,,,,,,,,,
88,Lao People's Democratic Republic,67.27,52.95,0.27,2.55,0.11,2.73,1.3,0.59,6.01,36.86,3.34,33.1,0.36,0.0,0.0,1.82,0.77,1298.776791,36.4,19118455.02,Lao People's Democratic Republic,,2350.0,1459.0,23680.0,4065.0,169.0,28.06,1450.0,6415.0,,,,,,,,,,,,,,,,,,,,,,,
89,Latvia,93.32,78.68,17.78,1.88,0.13,10.07,7.23,4.09,7.34,26.93,0.05,0.5,16.9,3.63,3.99,0.03,5.07,12858.7995,34.2,3553506.981,Latvia,0.11035,1392.0,13564.0,6448.0,674.0,6.0,3.682,1178.0,2066.0,8.46666666666666,100.0,354.333333333333,523.0,4.336666666666667,5.726666666666667,0.8166666666666668,3.703333333333333,6.873333333333334,94.2,0.04,19.4,0.2466666666666667,7.3,5.156666666666666,0.01,0.34,4.01,5.420000000000001,19.3,81.86333333333333,143.0,8977.5773985
90,Lebanon,79.38,64.42,9.38,6.16,1.01,0.46,7.79,0.86,2.85,28.88,0.11,2.21,26.33,0.0,0.22,5.48,1.57,8103.985612,31.8,65235.1092299999,Lebanon,,4063.0,8789.0,1045.0,853.0,126.0,6.119,132.0,4916.0,,,,,0.17,5.873333333333332,0.006666666666666667,1.87,1.9400000000000002,85.39666666666666,0.03333333333333333,9.683333333333332,1.3566666666666667,0.6633333333333333,8.476666666666667,5.266666666666667,2.07,0.0,1.9900000000000002,26.453333333333333,65.84666666666666,128.0,5488.892518333333
91,Lesotho,73.92,66.6,1.94,2.38,1.33,0.68,2.34,0.25,0.26,52.19,37.02,0.87,11.42,0.0,0.04,5.64,2.42,1263.549254,54.2,6052.004266,Lesotho,,528.5,1141.0,3036.0,1562.0,4.0,7.529,281.3,2090.0,,,451.0,167.0,0.03333333333333333,2.4866666666666664,0.47333333333333333,0.18999999999999997,0.27666666666666667,70.28333333333335,35.64666666666667,1.656666666666667,1.3033333333333332,0.5499999999999999,1.3533333333333335,0.0,0.68,0.0,1.9766666666666666,11.506666666666666,57.66,139.0,729.3017921666666
92,Liberia,37.97,32.58,0.27,0.29,0.18,1.14,2.85,0.67,1.15,21.61,0.01,18.48,3.07,0.0,0.0,0.84,3.64,560.5202039,35.3,9384713.32299999,Liberia,,2034.0,415.0,11137.0,2148.0,210.0,,500.0,4182.0,31.6,100.0,278.0,306.0,0.0033333333333333335,0.42,0.0,0.5333333333333333,1.3199999999999998,37.72,0.33666666666666667,0.21,0.19333333333333336,0.8166666666666668,1.6600000000000001,1.29,16.11,0.0,4.2700000000000005,3.5100000000000002,30.673333333333332,129.0,476.68581200000006
93,Lithuania,122.95,111.51,26.44,1.57,0.08,15.15,8.67,3.82,16.64,33.82,0.12,0.57,27.74,2.77,1.68,1.97,4.28,13660.10183,37.4,2335002.062,Lithuania,,2017.0,14110.0,6530.0,1020.0,31.8,4.444,2260.0,3037.0,8.56666666666666,100.0,573.666666666666,700.0,2.243333333333333,7.203333333333332,0.04666666666666667,3.72,12.646666666666667,110.83333333333333,0.07333333333333333,19.62,0.11333333333333334,9.11,5.32,0.043333333333333335,0.35000000000000003,5.376666666666666,4.6000000000000005,28.24666666666667,98.66666666666667,141.0,9244.084779
94,Luxembourg,114.47,95.44,24.75,12.0,0.69,11.73,7.73,3.82,8.26,24.87,0.78,0.85,21.37,0.29,0.4,0.56,2.21,103797.0358,33.8,101326.3847,Luxembourg,0.00715,467.4,105159.0,259.0,65.0,1.57,0.4037,62.56,532.4,1.33333333333333,100.0,84.0,148.666666666666,,,,,,,,,,,,,,,,,,,
95,Madagascar,47.21,43.62,2.17,3.1,0.24,0.83,1.1,0.22,1.45,28.46,3.72,22.73,1.96,0.0,0.0,2.45,3.66,407.3481335,42.6,17141085.12,Madagascar,,7401.0,443.9,58730.0,14946.0,620.0,28.2,3500.0,22347.0,68.9,100.0,7901.0,2309.0,0.0,3.526666666666667,0.01,0.24333333333333332,1.9800000000000002,47.669999999999995,2.566666666666667,2.6533333333333338,0.25333333333333335,0.8966666666666666,1.2166666666666668,0.30666666666666664,22.349999999999998,0.0,3.8533333333333335,1.4633333333333332,41.309999999999995,149.0,317.3521214666667
96,Malawi,63.98,54.66,0.49,0.91,0.83,1.17,0.48,0.31,2.11,34.11,29.8,0.88,2.26,0.0,0.0,9.01,6.42,466.8942578,44.7,1521821.461,Malawi,,2513.0,374.5,11848.0,13584.0,135.0,30.58,3750.0,16097.0,47.2,100.0,4238.66666666666,577.666666666666,0.0,0.7799999999999999,0.02666666666666667,0.36333333333333334,1.87,56.14666666666667,29.973333333333333,0.3833333333333333,0.44333333333333336,0.6133333333333334,0.38666666666666666,5.533333333333334,0.7033333333333333,0.0,4.256666666666667,1.7366666666666666,47.04333333333333,166.0,283.47781299999997
97,Malaysia,80.46,70.63,2.18,2.44,0.27,2.41,12.91,4.6,17.42,26.7,2.36,13.6,10.17,0.0,0.01,1.82,0.44,9689.093047,41.0,29421846.89,Malaysia,,21207.0,10764.0,33080.0,7963.0,6676.0,9.794,868.4,29170.0,12.4,100.0,3859.33333333333,9046.0,0.16333333333333333,2.0866666666666664,0.9166666666666666,3.8066666666666666,16.96,75.78,1.4566666666666668,3.2399999999999998,0.21666666666666667,2.966666666666667,10.956666666666669,0.3833333333333333,13.846666666666666,0.0,0.41,8.893333333333333,65.38666666666666,167.0,6019.616258666666
98,Maldives,118.42,107.18,8.99,3.11,0.28,0.34,4.94,3.15,60.26,23.47,0.15,9.92,13.24,0.0,0.0,1.92,0.89,7575.283061,38.4,5823.849728,Maldives,,143.2,6510.0,30.0,243.0,3.0,3.815,3.9,386.2,,,,,0.016666666666666666,1.4933333333333332,2.17,2.28,54.10666666666666,102.13666666666667,0.07,6.206666666666667,0.16,0.21666666666666667,2.4433333333333334,2.403333333333333,9.863333333333335,0.0,1.1366666666666665,11.406666666666666,91.80333333333333,150.0,3908.940778
99,Mali,82.86,53.58,10.03,3.7,3.35,0.06,1.01,0.26,1.98,45.61,8.44,12.06,2.67,0.0,0.01,8.8,1.22,690.3857526,33.0,25097.92453,Mali,,5582.0,777.3,124019.0,10425.0,150.0,41.34,6861.0,16007.0,,,,,0.01,2.93,0.3333333333333333,0.20333333333333334,2.1999999999999997,72.40666666666665,6.223333333333334,6.953333333333333,2.6199999999999997,0.06666666666666667,0.9933333333333333,7.353333333333333,10.139999999999999,0.0,0.7433333333333333,1.8,42.23666666666666,156.0,476.91383346666663
100,Malta,108.81,91.57,18.01,7.2,0.47,8.5,10.41,3.14,8.41,31.67,0.92,0.9,29.25,0.02,0.01,2.56,1.78,21758.37785,29.4,124.0173983,Malta,52.575,406.3,21746.5,32.0,14.5,1.3,,9.0,420.8,1.16666666666666,100.0,12.0,162.0,0.013333333333333334,9.146666666666667,0.09000000000000001,3.876666666666667,7.196666666666666,105.95,0.7166666666666667,18.15,0.5099999999999999,7.673333333333333,7.173333333333333,1.4033333333333333,0.8933333333333334,0.0033333333333333335,2.1,30.2,89.05666666666666,157.0,13993.718916
101,Mauritania,82.25,70.57,16.65,2.58,4.59,0.0,1.47,0.5,2.99,37.94,0.78,8.33,24.17,0.0,0.08,8.05,0.38,1256.0,32.6,32.05995656,Mauritania,,2202.0,1366.0,103070.0,1628.0,11.0,19.75,400.0,3830.0,,,383.0,287.0,0.12,2.97,0.17,0.49666666666666665,2.856666666666667,79.87333333333333,0.47666666666666674,15.613333333333335,4.533333333333334,0.0,0.9966666666666667,5.086666666666667,7.23,0.0,0.31,25.290000000000003,65.98000000000002,164.0,836.8552760666666
102,Mauritius,,80.17,11.59,2.62,1.45,1.45,13.08,1.72,7.12,34.12,0.62,9.15,24.09,0.0,0.16,6.23,0.89,8580.74,35.8,71304.81705,Mauritius,,497.9,9135.0,204.0,755.1,4.0,3.468,76.0,1253.0,7.325,100.0,,,0.11666666666666665,3.1033333333333335,0.01,1.79,6.473333333333334,80.37666666666667,0.5066666666666667,10.956666666666669,1.5599999999999998,0.9933333333333333,8.96,3.4233333333333333,10.436666666666666,0.0,0.8799999999999999,20.816666666666666,70.01666666666667,165.0,5407.315834
103,Mexico,86.55,77.41,9.99,6.3,0.38,4.31,8.5,4.85,3.09,33.78,25.4,1.15,6.75,0.0,0.0,6.16,0.53,9337.954868,43.4,53185271.1,Mexico,13.72,94753.0,9849.0,196438.0,26075.0,2658.0,3.521,23150.0,120828.0,13.5666666666666,100.0,9858.33333333333,38499.0,0.01,6.57,0.6766666666666666,3.973333333333333,3.0833333333333335,84.73666666666666,26.13,9.51,0.4266666666666666,3.6799999999999997,6.233333333333333,1.2533333333333332,1.01,0.0,0.4966666666666666,7.199999999999999,69.57666666666667,152.0,7142.526265
104,Mongolia,79.3,66.31,12.33,7.75,15.89,0.08,0.79,0.64,0.3,26.04,0.0,1.25,24.11,0.09,0.48,0.32,2.27,3368.310696,32.3,4090450.786,Mongolia,,1943.0,4368.0,156412.0,871.0,4.0,12.67,647.0,2814.0,32.6,100.0,484.0,581.666666666666,0.18000000000000002,9.03,0.26333333333333336,0.33,0.13999999999999999,75.55333333333333,0.0,11.22,15.283333333333333,0.12,0.2366666666666667,0.27,1.05,0.03666666666666667,1.3833333333333335,22.436666666666667,61.71666666666667,161.0,1842.2951767666666
105,Montenegro,109.9,95.89,29.15,4.84,0.79,13.74,5.18,2.78,3.07,27.8,0.44,0.42,26.57,0.16,0.01,3.92,4.84,6836.99625,31.9,616440.5123,Montenegro,,394.1,6526.0,1381.0,232.3,17.0,8.886,172.0,626.4,5.13333333333333,100.0,,,,,,,,,,,,,,,,,,,,,
106,Morocco,96.92,87.35,5.14,2.8,1.84,0.01,7.23,1.88,5.41,57.24,6.99,0.24,42.22,0.01,7.65,4.07,1.86,3002.223247,39.5,648568.6233,Morocco,,19089.0,2948.0,44655.0,14245.0,1356.0,13.37,8047.0,33334.0,39.0,100.0,5261.0,5316.33333333333,7.46,2.41,0.0033333333333333335,1.843333333333333,3.783333333333333,87.50666666666666,5.686666666666667,4.013333333333333,1.843333333333333,0.01,4.329999999999999,3.77,0.20666666666666667,0.01,1.4799999999999998,42.07,78.91666666666666,146.0,1871.3088453333332
107,Mozambique,,41.17,0.48,0.41,0.37,1.43,0.5,0.45,2.38,22.22,11.81,4.16,3.78,0.0,0.0,8.51,6.89,454.280214399999,54.0,28917947.27,Mozambique,,7918.0,566.0,79938.0,17759.0,300.0,27.65,5650.0,25677.0,,,,,0.0,0.36999999999999994,0.01,0.17333333333333334,1.1933333333333334,38.62,11.61,0.5633333333333334,0.4566666666666667,1.1566666666666665,0.62,4.263333333333334,2.3566666666666665,0.0,6.456666666666667,3.5333333333333337,32.75333333333333,163.0,330.5874673
108,Myanmar,82.57,72.33,3.87,1.82,0.37,3.46,7.19,1.89,14.4,30.68,0.81,28.08,1.23,0.0,0.0,8.55,0.66,1106.419254,38.1,42859651.12,Myanmar,,17143.0,1465.0,67659.0,33844.0,1491.0,,10751.0,50987.0,,,,,0.0,1.05,0.056666666666666664,0.9333333333333332,7.780000000000001,59.669999999999995,0.6033333333333334,2.3633333333333333,0.18000000000000002,1.6833333333333333,3.3366666666666664,3.616666666666667,27.80666666666666,0.0,0.37333333333333335,0.8666666666666667,50.593333333333334,158.0,659.66889655
109,Namibia,58.64,46.88,5.79,2.15,1.35,1.17,4.33,0.48,3.21,22.42,8.99,1.0,7.47,0.01,0.0,4.86,6.07,5510.969091,59.1,3833.027588,Namibia,,986.6,5749.0,82429.0,1277.0,9.0,8.683,800.0,2264.0,29.2999999999999,100.0,303.5,349.0,0.0,3.61,1.7,0.41333333333333333,3.1533333333333338,59.46333333333333,9.83,4.956666666666666,1.5866666666666667,0.7533333333333333,3.3766666666666665,4.273333333333333,0.54,0.11333333333333334,5.319999999999999,7.746666666666666,45.67333333333333,169.0,3227.0988013333335
110,Nepal,68.02,57.03,5.1,2.55,0.87,0.2,0.49,0.38,0.65,39.19,8.45,16.58,11.32,0.0,0.29,6.52,3.61,626.0222617,32.8,5161040.905,Nepal,,4813.0,681.8,14718.0,22837.0,208.0,36.49,2118.0,27650.0,,,,,0.3133333333333333,2.4299999999999997,0.06,0.32,0.45,60.51333333333334,8.683333333333334,4.38,0.77,0.19000000000000003,0.2866666666666667,4.11,16.7,0.0,2.46,9.713333333333333,50.80666666666666,176.0,366.70211966666665
111,Netherlands,110.2,93.52,28.78,6.46,0.35,10.89,8.52,4.69,7.38,22.06,0.36,0.51,18.16,2.22,0.21,1.0,4.0,50373.45577,28.2,593051.6756,Netherlands,0.0662,14804.0,49378.0,4154.0,1985.0,35.8,1.751,1011.0,16789.0,2.3,100.0,870.333333333333,7436.66666666666,0.16333333333333333,7.216666666666666,0.09999999999999999,4.786666666666666,5.953333333333333,104.18333333333334,0.38000000000000006,27.58,0.3833333333333333,13.030000000000001,7.746666666666667,0.32,0.54,1.2,4.21,15.839999999999998,89.35,174.0,34163.09321
112,New Caledonia,87.66,74.33,11.67,6.71,0.69,5.13,14.91,2.76,7.4,22.12,0.14,3.84,17.97,0.02,0.0,1.03,2.07,,,1440330.36,New Caledonia,,,,,,,,,,,,,,0.0,6.63,0.02333333333333333,2.526666666666667,6.603333333333334,82.38333333333334,0.13,12.266666666666666,0.8933333333333334,3.5499999999999994,13.286666666666667,0.7733333333333333,4.949999999999999,0.01,2.486666666666667,16.656666666666666,70.76333333333332,170.0,16261.29693
113,New Zealand,94.82,78.65,9.54,10.16,6.73,4.74,12.5,2.91,6.77,22.25,0.81,1.67,18.08,0.0,0.07,2.43,2.24,34925.69,,11282734.44,New Zealand,,3844.0,39615.0,26771.0,624.0,71.4,6.1,509.0,4468.0,6.73333333333333,100.0,325.666666666666,1874.0,0.48000000000000004,8.180000000000001,0.5933333333333334,3.706666666666667,6.423333333333333,92.34999999999998,0.45999999999999996,10.083333333333334,8.296666666666667,4.1066666666666665,10.396666666666667,0.3566666666666667,1.5366666666666668,0.02666666666666667,2.69,18.076666666666668,74.82,178.0,22877.88958
114,Nicaragua,66.95,61.36,7.64,0.74,0.0,0.94,5.82,1.25,1.34,31.07,16.65,7.97,5.62,0.0,0.0,12.76,0.63,1680.250135,46.2,7776806.696,Nicaragua,0.7204,3466.0,1776.0,13037.0,2411.0,296.0,18.87,1532.0,5877.0,31.7,100.0,1214.0,1703.0,0.0033333333333333335,1.4333333333333333,0.0033333333333333335,1.3066666666666669,0.9233333333333335,55.75666666666666,13.196666666666665,6.8500000000000005,0.0,0.66,3.3433333333333337,0.14333333333333334,7.323333333333333,0.0,0.5633333333333334,4.883333333333333,40.63,173.0,1072.0349398666667
115,Niger,81.07,39.07,5.62,3.47,1.61,0.03,0.36,0.08,0.88,34.4,0.74,2.16,0.99,0.0,0.04,22.67,0.45,361.8307269,34.3,2.253943819,Niger,,3086.0,391.5,126700.0,14646.0,100.0,38.08,15900.0,17732.0,77.5,100.0,5281.0,839.0,0.02,3.7566666666666664,0.08333333333333333,0.11666666666666668,0.3666666666666667,69.26,0.77,5.533333333333334,2.0333333333333337,0.04,0.35333333333333333,14.01,2.5233333333333334,0.0,0.39999999999999997,1.4133333333333333,31.336666666666666,171.0,281.20837443333335
116,Nigeria,63.38,39.54,0.78,0.93,1.07,0.47,0.55,1.0,4.31,30.18,7.21,5.72,4.3,0.0,0.0,6.52,6.67,2403.074415,43.0,10048731.71,Nigeria,,76370.0,2756.0,92377.0,90927.0,6700.0,22.05,35000.0,167297.0,38.55,100.0,34934.0,21702.0,0.0033333333333333335,0.9633333333333334,0.10666666666666667,0.9700000000000001,2.796666666666667,57.64333333333334,6.3133333333333335,0.6866666666666666,0.9533333333333335,0.4333333333333333,0.49666666666666665,5.63,4.836666666666667,0.013333333333333334,5.473333333333334,2.8866666666666667,32.45666666666666,172.0,1321.3665691666667
117,Norway,110.47,95.31,21.87,7.03,1.78,6.24,7.73,3.57,15.21,27.74,0.0,0.86,23.88,1.16,0.81,2.78,2.37,88236.44565,27.5,11739520.81,Norway,,3978.0,101756.0,38518.0,1034.0,4.4,1.258,811.9,5012.0,2.26666666666666,100.0,1103.66666666666,1470.66666666666,0.9166666666666666,7.046666666666667,0.01,3.373333333333333,15.180000000000001,104.82333333333334,0.049999999999999996,22.439999999999998,1.903333333333333,5.926666666666667,4.73,0.08,0.73,1.3966666666666665,3.0066666666666664,23.80666666666667,90.58666666666667,175.0,58417.76871333333
118,Oman,88.17,72.99,13.75,5.28,5.16,0.0,10.56,2.33,6.31,27.3,2.33,9.92,13.68,0.0,0.0,2.63,1.03,18014.88505,,0.138516075,Oman,,2525.0,22032.0,30950.0,940.0,39.1,1.162,33.7,3465.0,,,,,0.17333333333333334,3.7999999999999994,0.5499999999999999,2.123333333333333,6.1433333333333335,77.63333333333333,1.8233333333333335,11.103333333333333,4.8999999999999995,0.05333333333333334,9.126666666666667,1.6166666666666665,8.343333333333334,0.0,0.79,13.766666666666666,63.763333333333335,180.0,12347.513268666667
119,Pakistan,64.94,59.76,18.82,3.01,1.01,0.0,1.57,0.86,0.61,29.85,3.42,2.44,23.61,0.0,0.02,3.62,0.76,1063.653974,33.5,978655.9536,Pakistan,,67055.0,1265.0,79610.0,110857.0,823.0,24.55,30240.0,177912.0,42.85,100.0,36352.5,16175.0,0.043333333333333335,2.4266666666666663,0.0,0.6566666666666667,0.64,60.41,2.1166666666666667,15.770000000000001,1.4366666666666668,0.0,0.9566666666666667,2.3433333333333333,2.4833333333333334,0.0,0.5566666666666666,24.813333333333333,54.24333333333333,182.0,729.5472446
120,Panama,77.71,66.85,11.11,8.08,0.0,3.41,9.15,1.25,5.04,25.11,3.81,12.5,8.34,0.0,0.0,3.28,0.88,9464.359665,49.9,5700499.75799999,Panama,,2498.0,10590.0,7542.0,1275.0,185.0,3.351,563.0,3773.0,16.5666666666666,100.0,496.0,1113.33333333333,0.006666666666666667,7.909999999999999,0.05333333333333334,1.3133333333333332,4.91,69.05,3.8633333333333333,10.256666666666666,0.0033333333333333335,2.5,7.239999999999999,1.8100000000000003,11.373333333333335,0.0,0.8366666666666668,7.453333333333333,59.47666666666667,183.0,5987.9536566666675
121,Paraguay,69.79,59.52,6.98,7.23,0.22,8.78,1.87,5.13,1.12,21.15,14.28,1.06,5.72,0.0,0.03,4.89,2.22,4554.515899,48.8,24296866.78,Paraguay,0.4892,3942.0,3858.0,40675.0,2437.0,85.0,18.11,4415.0,6379.0,13.15,100.0,1225.33333333333,1873.66666666666,0.013333333333333334,13.090000000000002,0.01,3.94,1.26,74.59666666666668,12.343333333333334,6.31,0.24333333333333332,9.216666666666667,1.74,1.0,1.7700000000000002,0.0,2.4833333333333334,4.653333333333333,58.06333333333335,193.0,2712.828521
122,Peru,74.2,61.88,5.47,2.59,0.4,1.37,5.79,2.19,5.75,27.47,4.92,10.3,10.7,0.0,1.18,5.44,5.79,5519.131684,43.3,78069281.29,Peru,,23275.0,6399.0,128522.0,6884.0,1379.0,7.355,4156.0,30159.0,14.2999999999999,100.0,4655.33333333333,12149.0,0.9966666666666667,2.28,0.26666666666666666,1.4366666666666665,5.166666666666667,63.96666666666666,5.6000000000000005,4.713333333333334,0.39999999999999997,1.1633333333333333,4.739999999999999,2.1133333333333333,9.32,0.0033333333333333335,4.456666666666666,10.65,53.03999999999999,184.0,3345.4733180000003
123,Philippines,59.69,52.3,1.42,1.61,0.24,5.5,3.87,1.26,9.48,27.37,2.41,20.58,4.29,0.0,0.04,0.89,0.71,2283.245094,40.1,18599385.9,Philippines,,43334.0,2581.0,30000.0,53533.0,5350.0,11.83,5580.0,96867.0,30.6,100.0,19529.3333333333,18107.0,0.06666666666666667,1.43,0.006666666666666667,1.0966666666666667,9.586666666666668,55.29666666666666,1.9166666666666667,1.5666666666666667,0.19666666666666666,4.8500000000000005,2.7433333333333336,0.26999999999999996,18.173333333333336,0.0,0.7399999999999999,5.000000000000001,47.63666666666667,185.0,1465.3206676
124,Poland,101.77,91.69,15.19,1.05,0.02,16.53,10.19,2.54,5.3,35.56,0.0,0.25,27.69,6.01,0.93,1.19,4.8,13429.65413,30.8,10461916.81,Poland,1.821,23189.0,13049.0,31268.0,15128.0,398.0,3.00399999999999,10925.0,38317.0,12.5,100.0,6386.33333333333,9187.66666666666,0.82,3.3633333333333333,0.24666666666666667,3.0066666666666664,4.489999999999999,101.42,0.0,16.11,0.08666666666666667,15.940000000000003,7.326666666666665,0.03666666666666667,0.2833333333333333,6.109999999999999,5.646666666666667,27.73,90.95,188.0,6933.158275333334
125,Portugal,110.94,97.25,17.1,6.7,0.82,10.52,12.27,2.78,13.89,28.63,2.86,3.06,21.43,0.67,0.27,2.05,2.83,21580.26501,35.5,2302478.37,Portugal,,6549.0,20412.0,9221.0,4033.0,732.0,2.179,1124.0,10582.0,10.4,100.0,1230.0,3342.0,0.21666666666666667,6.59,0.056666666666666664,2.8233333333333337,14.14,108.90999999999998,1.8933333333333333,16.066666666666666,1.1,9.786666666666667,9.983333333333334,0.66,3.1233333333333335,0.7966666666666665,3.9666666666666663,22.55,93.69666666666667,192.0,14757.107416666666
126,Republic of Korea,96.34,71.92,2.82,5.02,0.05,8.91,5.47,3.5,16.18,28.55,0.46,16.32,11.48,0.0,0.25,0.77,0.69,23177.96,31.6,5367962.287,Republic of Korea,,40251.0,24423.0,10015.0,9701.0,207.8,2.459,1522.0,49952.0,6.16666666666666,100.0,,,,,,,,,,,,,,,,,,,,,
127,Republic of Moldova,71.03,63.82,13.67,0.76,0.08,6.22,5.71,2.93,3.63,28.02,15.63,0.53,10.59,0.22,0.84,0.54,2.44,,25.9,356011.7297,Republic of Moldova,0.31375,1576.0,1788.0,3385.0,2498.0,295.0,13.43,1814.0,4074.0,27.5999999999999,100.0,610.666666666666,553.666666666666,,,,,,,,,,,,,,,,,,,
128,Romania,103.66,91.54,23.44,2.34,1.15,7.14,6.44,4.0,1.74,40.06,7.2,0.5,31.61,0.24,0.26,1.18,4.29,8670.26283799999,35.9,7915160.707,Romania,0.5255,11767.0,8527.0,23839.0,8404.0,446.0,5.321,8798.0,20171.0,29.4333333333333,100.0,4179.33333333333,4381.33333333333,0.17666666666666667,3.1766666666666663,0.08666666666666667,3.7166666666666663,1.2766666666666666,97.61666666666666,7.580000000000001,20.06,1.16,7.47,6.6000000000000005,0.023333333333333334,0.6733333333333333,0.2733333333333333,3.6566666666666667,30.94333333333333,86.78666666666666,199.0,3920.6747579999997
129,Russian Federation,102.52,90.69,16.65,6.76,0.52,6.61,8.69,4.53,7.61,34.04,0.1,0.79,30.69,1.56,0.15,1.12,4.91,11551.82793,37.7,761227258.8,Russian Federation,,105640.0,15130.0,1709825.0,37781.0,1600.0,3.66899999999999,119750.0,143421.0,8.46666666666666,100.0,16577.3333333333,54687.0,0.14,8.513333333333334,0.02,4.3066666666666675,6.416666666666667,94.58666666666666,0.09333333333333332,13.983333333333334,0.5866666666666667,5.343333333333334,5.95,0.0,0.9533333333333333,1.8333333333333333,4.923333333333333,30.793333333333333,83.83666666666667,200.0,6969.2571720000005
130,Rwanda,56.64,41.99,1.31,1.01,0.74,0.23,0.43,0.06,1.3,10.29,3.27,1.57,2.65,0.0,0.0,20.43,8.98,620.0405317,43.7,499795.6193,Rwanda,,2967.0,669.2,2634.0,7822.0,250.0,33.44,1151.0,10789.0,75.3,100.0,3496.0,656.0,0.0,0.9033333333333333,0.05666666666666667,0.06666666666666667,0.61,50.599999999999994,3.3000000000000003,1.3966666666666667,0.41,0.16333333333333333,0.18666666666666668,0.0,0.8333333333333334,0.0,8.913333333333332,1.3133333333333335,18.096666666666664,201.0,393.0463148666667
131,Saint Kitts and Nevis,72.24,62.3,7.33,2.64,0.56,2.0,19.16,1.04,9.36,17.46,0.15,3.66,12.32,0.0,0.0,3.06,1.02,15043.3000199999,,13259.95375,Saint Kitts and Nevis,0.8333,17.06,13917.0,26.0,35.53,0.1,1.62,5.0,52.59,,,,,,,,,,,,,,,,,,,,,,,
132,Saint Lucia,84.69,76.72,8.16,2.34,1.28,6.26,22.69,0.89,6.71,22.01,0.48,2.29,18.61,0.0,0.0,5.84,1.16,8115.84852399999,51.2,50731.18582,Saint Lucia,,33.37,7501.0,62.0,141.4,7.0,2.845,3.0,174.8,,,,,,,,,,,,,,,,,,,,,,,
133,Saint Vincent and the Grenadines,86.0,78.26,8.4,3.24,0.36,3.21,24.87,1.54,5.22,24.06,2.0,6.3,15.68,0.0,0.0,5.03,2.41,6300.434451,,4.838481852,Saint Vincent and the Grenadines,0.0,54.13,6340.0,39.0,55.17,3.0,7.24,5.0,109.3,,,,,,,,,,,,,,,,,,,,,,,
134,Samoa,84.93,70.66,3.78,4.21,1.9,6.48,21.21,1.05,12.22,13.57,0.08,1.62,11.8,0.0,0.0,0.0,6.31,3581.744968,38.7,,Samoa,,37.1,4251.0,284.0,152.1,22.0,9.704,8.0,189.2,21.2,100.0,25.0,10.0,0.0,4.706666666666667,0.049999999999999996,0.7033333333333333,14.073333333333332,77.88000000000001,0.02,2.956666666666667,5.173333333333333,6.23,12.413333333333332,0.0,3.7899999999999996,0.0,5.1033333333333335,10.246666666666668,65.41666666666666,258.0,2221.7113157999997
135,Sao Tome and Principe,52.92,42.96,2.02,0.88,0.01,1.3,3.02,0.84,7.97,21.75,1.73,6.54,11.45,0.0,2.05,3.34,1.83,1168.957984,30.8,14213.19005,Sao Tome and Principe,,119.0,1452.0,96.0,63.9,39.0,22.21,8.7,182.9,,100.0,18.0,38.0,0.6933333333333334,0.5033333333333333,0.0,0.6733333333333333,8.023333333333333,52.080000000000005,5.2700000000000005,1.5233333333333334,0.060000000000000005,0.8300000000000001,1.8833333333333335,1.54,5.653333333333333,0.0,3.3233333333333337,11.64,41.61666666666667,217.0,966.0769056
136,Saudi Arabia,90.67,77.0,10.7,2.47,2.42,0.0,16.32,1.52,3.47,37.82,5.02,7.41,23.58,0.0,0.0,3.63,0.47,20878.9524099999,40.3,0.073168468,Saudi Arabia,,23340.0,25236.0,214969.0,5746.0,228.0,1.81,3117.0,29086.0,4.6,100.0,,,0.02,2.0,0.53,1.4333333333333333,2.3366666666666664,82.29666666666667,3.7900000000000005,8.28,2.4766666666666666,0.0,12.836666666666666,2.276666666666667,6.43,0.0,0.41333333333333333,26.25666666666667,68.55,203.0,13948.871904666667
137,Senegal,59.01,45.0,1.98,2.28,1.19,0.29,1.46,0.49,6.67,34.87,5.39,14.24,7.9,0.0,0.0,2.54,0.57,1252.709321,28.5,39568.21414,Senegal,,5872.0,1025.0,19671.0,7832.0,65.0,16.73,3300.0,13704.0,46.1,100.0,2192.0,1613.0,0.0,2.12,0.036666666666666674,0.4266666666666667,8.32,57.76666666666667,3.653333333333333,2.85,1.0666666666666667,0.26333333333333336,1.05,1.3133333333333335,14.686666666666667,0.0,0.44333333333333336,6.476666666666667,42.67,205.0,965.6668876333333
138,Serbia,82.3,70.54,13.22,3.23,1.08,9.44,3.64,2.36,1.86,30.08,4.89,0.25,24.16,0.17,0.21,4.32,1.72,5567.87554399999,46.8,2730300.52399999,Serbia,0.06595,5283.0,4549.0,8836.0,3674.0,187.3,8.986,2562.0,8957.0,21.1666666666666,100.0,1021.33333333333,1242.66666666666,,,,,,,,,,,,,,,,,,,
139,Sierra Leone,56.28,45.55,0.63,0.77,0.26,0.24,1.54,0.53,9.88,23.86,1.13,18.04,2.38,0.0,0.0,6.79,3.37,477.223203799999,34.0,5617878.287,Sierra Leone,,2325.0,569.5,7230.0,4441.0,165.0,51.79,1472.0,6766.0,,,,,0.0,0.66,0.19666666666666668,0.35000000000000003,6.596666666666667,48.626666666666665,0.73,0.5566666666666666,0.16,0.16333333333333333,1.0933333333333335,6.163333333333333,17.786666666666665,0.023333333333333334,2.0866666666666664,2.8166666666666664,39.18666666666667,208.0,323.9083597
140,Slovakia,72.1,62.53,10.39,1.6,0.06,8.4,5.14,4.09,2.22,27.86,0.0,0.44,25.6,1.06,0.45,0.87,2.2,17294.96,26.5,2396813.716,Slovakia,0.0613,2950.0,17177.0,4904.0,2467.0,20.2,3.545,1392.0,5417.0,3.2,100.0,1003.66666666666,1321.0,,,,,,,,,,,,,,,,,,,
141,Slovenia,97.79,84.86,20.53,7.18,0.32,9.1,8.49,2.89,2.95,30.31,6.1,0.66,22.18,0.58,0.35,1.28,2.25,22993.2096,25.4,1293520.847,Slovenia,0.00925,1031.0,22447.0,2027.0,1029.0,51.97,2.073,183.7,2060.0,8.5,100.0,452.0,469.666666666666,0.6833333333333335,6.829999999999999,1.3,2.796666666666667,2.08,90.68666666666667,5.123333333333334,19.656666666666666,0.22,8.89,6.553333333333335,0.06999999999999999,0.57,0.82,2.33,20.516666666666666,77.14,220.0,17173.267789999998
142,Solomon Islands,57.05,52.37,1.0,2.62,0.03,1.4,1.36,0.44,10.55,16.85,0.03,10.68,6.12,0.0,0.01,5.94,12.19,1454.765686,37.1,2741618.244,Solomon Islands,,115.2,1859.0,2890.0,436.3,80.0,,20.0,551.5,36.7,100.0,,,0.0033333333333333335,1.7266666666666666,0.03,0.37000000000000005,11.479999999999999,53.42666666666667,0.03333333333333333,0.8833333333333333,0.02,1.626666666666667,0.45,5.126666666666666,10.053333333333333,0.0,12.270000000000001,4.673333333333333,48.71666666666666,207.0,1287.2962674666667
143,South Africa,84.44,75.82,4.81,6.64,1.33,1.18,14.21,2.31,1.88,41.07,21.88,3.23,15.39,0.0,0.01,1.57,1.36,7482.509493,63.0,5983115.079,South Africa,18.87,33145.0,7491.0,121909.0,19853.0,413.0,2.39,12500.0,52998.0,4.8,100.0,3165.33333333333,11426.0,0.01,6.316666666666666,0.02,1.8033333333333335,2.4033333333333338,77.81333333333335,23.393333333333334,4.53,1.3866666666666667,0.9366666666666666,9.35,0.16333333333333333,2.563333333333333,0.006666666666666667,1.2166666666666666,14.553333333333333,68.63333333333334,261.0,4452.598697666667
144,Spain,105.15,91.74,14.52,4.94,0.84,12.94,12.04,4.18,12.46,24.35,0.33,1.68,22.09,0.13,0.02,3.07,2.49,29581.5275899999,36.2,11018923.24,Spain,22.84,36890.0,28598.0,50594.0,9967.0,4969.0,2.488,12570.0,46857.0,4.2,100.0,4212.66666666666,13518.6666666666,0.01,5.4433333333333325,0.0,4.496666666666667,12.133333333333333,109.25666666666666,0.29000000000000004,14.19,1.6900000000000002,14.493333333333334,11.5,2.1100000000000003,1.4933333333333334,0.11333333333333333,3.4466666666666668,21.373333333333335,92.78333333333335,68.0,20550.607056666664
145,Sri Lanka,59.18,51.15,3.57,0.55,0.04,0.01,1.67,1.03,9.07,29.42,0.96,20.1,8.28,0.0,0.0,5.3,0.58,3228.06102699999,39.8,3939922.56899999,Sri Lanka,,3860.0,3351.0,6561.0,16565.0,1000.0,7.992,1250.0,20425.0,30.3,100.0,6648.0,1152.33333333333,0.0,0.6766666666666667,0.0,0.7466666666666666,7.366666666666667,53.26666666666667,1.0166666666666666,3.15,0.049999999999999996,0.030000000000000002,1.25,3.0433333333333334,17.866666666666664,0.0,0.48,9.356666666666667,45.033333333333324,136.0,1588.3649893333334
146,Sudan,71.57,103.39,20.35,12.72,12.33,0.0,10.07,9.97,0.36,26.64,0.1,0.3,7.38,0.0,0.0,6.4,23.41,1740.79475,35.4,72712.48415,Sudan,68.54,12391.0,1742.0,187936.0,23599.0,155.4,28.76,19857.0,35990.0,44.0,100.0,4823.0,2487.0,,,,,,,,,,,,,,,,,,,
147,Suriname,62.31,53.83,5.01,3.83,0.06,2.32,10.7,1.03,4.49,24.29,0.44,12.61,10.92,0.0,0.04,1.33,1.06,8849.5533,57.6,13949809.34,Suriname,,353.9,9272.0,16382.0,183.2,5.0,9.385,52.0,537.1,3.2,100.0,,,0.013333333333333334,2.94,0.03666666666666667,1.3999999999999997,4.536666666666666,60.419999999999995,0.3033333333333333,6.996666666666667,0.049999999999999996,1.55,8.633333333333333,0.11333333333333333,13.623333333333333,0.0,1.11,10.626666666666667,51.89666666666666,218.0,4151.1552145
148,Eswatini,57.15,50.03,4.7,5.97,0.73,0.49,1.92,0.32,0.42,30.95,17.09,3.79,9.93,0.03,0.0,2.17,2.46,3829.949952,51.5,469227.4579,Eswatini,,263.1,3937.0,1736.0,984.9,15.0,6.396,175.0,1248.0,,,,,0.0,8.253333333333334,3.1766666666666663,0.7633333333333333,0.5499999999999999,60.123333333333335,14.959999999999999,5.079999999999999,0.9700000000000001,0.31666666666666665,1.42,1.1666666666666667,2.566666666666667,0.13666666666666666,2.2866666666666666,10.656666666666666,49.126666666666665,222.0,2202.5892273333334
149,Sweden,106.59,93.53,26.95,9.34,0.46,11.96,6.87,4.12,8.21,22.54,0.22,1.14,18.27,2.22,0.3,1.12,2.36,52768.05377,29.2,27883713.39,Sweden,,8119.0,57017.0,44742.0,1422.0,5.0,1.48699999999999,2603.0,9541.0,2.03333333333333,100.0,1807.33333333333,2855.0,0.21,8.273333333333333,0.04666666666666667,3.7900000000000005,8.793333333333335,103.87666666666667,0.2833333333333333,28.466666666666665,0.3333333333333333,11.44,5.033333333333334,0.14333333333333334,1.03,2.2733333333333334,2.5466666666666664,18.116666666666664,90.73333333333332,221.0,39702.46924
150,Switzerland,93.6,79.43,24.47,7.36,0.51,8.47,6.64,3.22,4.41,21.87,0.12,0.58,20.23,0.23,0.21,1.13,1.85,75171.20056,32.3,1544417.501,Switzerland,0.2993,5897.0,82794.0,4129.0,2135.0,24.4,0.6845,403.8,8032.0,3.45,100.0,942.666666666666,3404.66666666666,0.25333333333333335,7.743333333333332,0.13333333333333333,3.2899999999999996,3.8433333333333333,95.08333333333333,0.29333333333333333,24.376666666666665,0.5966666666666667,9.263333333333334,5.59,0.15333333333333335,0.8266666666666667,0.26,2.0033333333333334,20.599999999999998,79.09333333333333,35.0,54816.38868999999
151,Tajikistan,58.77,46.02,5.18,1.64,1.99,0.26,1.04,0.51,0.14,32.32,1.45,1.31,28.52,0.0,1.01,1.45,1.51,815.1294439,34.0,60256.64849,Tajikistan,,2128.0,954.7,14255.0,5867.0,133.0,27.005,741.0,7995.0,,,,,2.28,2.57,0.06999999999999999,0.43,0.09666666666666668,55.72666666666667,1.29,6.25,1.36,0.17666666666666667,0.5,0.0,1.0233333333333334,0.0,1.4233333333333336,29.69666666666667,47.096666666666664,232.0,497.0210331
152,Thailand,60.2,50.61,2.46,1.04,0.02,3.91,4.19,3.85,8.38,24.59,2.46,19.82,2.31,0.0,0.0,1.65,0.54,5363.21650799999,36.5,19962441.91,Thailand,,31177.0,5852.0,51312.0,36667.0,4500.0,11.57,16560.0,67844.0,40.9,100.0,26280.0,13168.0,0.0,1.4966666666666668,0.0,3.44,8.466666666666667,57.85666666666666,1.7733333333333334,1.8966666666666665,0.013333333333333334,3.3866666666666667,4.386666666666667,0.5833333333333334,19.77,0.0,0.36999999999999994,1.8466666666666667,47.42999999999999,231.0,3294.309928666667
153,North Macedonia,77.8,62.75,13.8,3.13,0.49,2.57,6.27,1.96,1.43,27.89,4.66,0.5,22.43,0.08,0.0,3.01,2.41,,,,North Macedonia,,1199.0,4699.0,2571.0,875.0,36.0,10.53,414.0,2074.0,18.7666666666666,100.0,161.0,221.166666666666,0.0,3.1799999999999997,0.013333333333333334,2.5033333333333334,1.1033333333333333,73.81333333333333,3.75,11.223333333333334,0.8866666666666667,2.5833333333333335,4.366666666666666,0.2966666666666667,0.36000000000000004,0.08,2.07,25.013333333333332,57.41666666666666,155.0,2628.422120333333
154,Timor-Leste,57.39,43.52,0.86,0.6,0.21,3.25,1.72,0.64,1.72,27.82,14.53,10.72,2.56,0.0,0.0,5.17,1.55,3845.87724,28.7,726088.2491,Timor-Leste,,343.5,1119.0,1487.0,813.5,74.0,19.28,160.0,1157.0,40.5,100.0,114.0,76.0,0.0,0.7266666666666667,0.0,0.5433333333333333,0.9633333333333333,56.06,13.69,0.9933333333333335,0.18333333333333332,3.31,1.7933333333333332,0.0,9.74,0.0,2.986666666666667,2.4233333333333333,37.35333333333333,235.0,3159.8900692999996
155,Togo,57.86,45.58,0.61,0.64,0.58,0.48,2.19,0.24,3.48,30.05,15.02,5.16,2.84,0.0,0.0,7.81,6.52,565.6941992,43.1,,Togo,,2557.0,563.7,5679.0,4302.0,200.0,42.6,2650.0,6859.0,27.1,100.0,1663.0,1009.0,0.0,0.61,0.07666666666666667,0.26666666666666666,2.856666666666667,50.80666666666667,13.016666666666666,0.5499999999999999,0.49666666666666665,0.47,1.5133333333333334,0.32,3.856666666666667,0.0,6.183333333333334,2.9,33.04,230.0,438.0817639
156,Trinidad and Tobago,80.95,72.34,9.57,2.4,1.18,2.32,16.79,0.95,6.99,24.99,1.77,3.98,18.69,0.03,0.02,5.7,1.96,16663.895,40.3,391844.2062,Trinidad and Tobago,0.4349,117.6,18317.0,513.0,1224.0,22.0,0.5076,25.0,1342.0,3.63333333333333,100.0,,,0.09333333333333334,2.256666666666667,0.22666666666666668,0.7133333333333334,5.786666666666666,70.98333333333333,1.2766666666666666,10.01,0.8366666666666666,1.6300000000000001,11.51,3.09,4.743333333333333,0.01,1.8366666666666667,17.49,61.28333333333333,240.0,10176.161978333332
157,Tunisia,98.79,82.83,9.86,2.21,2.01,0.0,6.11,2.18,3.87,50.41,0.03,0.23,48.73,0.0,1.11,5.26,1.23,4113.034031,32.8,223826.6181,Tunisia,57.29,7207.0,4137.0,16361.0,3680.0,2275.0,9.391,2848.0,10887.0,16.1666666666666,100.0,992.0,2236.33333333333,1.4400000000000002,2.506666666666667,0.10666666666666667,1.9566666666666668,3.1766666666666663,91.22666666666665,0.013333333333333334,8.673333333333334,2.193333333333333,0.0,4.573333333333333,3.9933333333333336,0.21,0.0,1.11,48.22333333333333,78.07,241.0,2761.647348
158,Turkey,106.7,92.17,17.04,5.07,1.48,0.0,6.42,2.37,1.75,48.61,3.67,1.55,42.62,0.76,0.0,7.18,2.25,12200.80593,41.9,10060827.7,Turkey,,53155.0,10581.0,78535.0,21415.0,3213.0,8.843,20577.0,74570.0,23.5666666666666,100.0,8681.33333333333,16137.0,0.0,3.396666666666667,0.02666666666666667,2.5399999999999996,2.0866666666666664,106.5,2.99,13.903333333333334,1.8099999999999998,0.0,4.266666666666667,5.829999999999999,1.3133333333333332,0.7200000000000001,2.81,49.666666666666664,91.33333333333333,242.0,6074.252579333333
159,Turkmenistan,91.03,85.72,12.71,10.71,9.58,0.23,1.3,2.37,1.1,46.37,0.0,2.01,43.87,0.0,0.49,0.0,1.36,5459.682608,40.8,10176.93569,Turkmenistan,,2536.0,6675.0,48810.0,2732.0,60.0,,1940.0,5268.0,,,,,0.19333333333333333,8.993333333333334,0.0,1.7599999999999998,1.5099999999999998,83.37333333333332,0.0,11.906666666666666,6.849999999999999,0.26333333333333336,1.0266666666666666,0.0,1.8466666666666667,0.0,1.14,43.373333333333335,78.86333333333333,233.0,2821.2793404333333
160,Uganda,53.82,42.5,3.19,2.08,0.51,0.96,0.58,0.28,3.84,14.44,9.05,0.96,2.83,0.0,0.01,14.47,3.74,631.0939715,42.8,7769701.209,Uganda,,5494.0,640.0,24155.0,30813.0,2250.0,25.9,6900.0,36307.0,68.9,100.0,9776.0,2473.5,0.006666666666666667,1.89,0.006666666666666667,0.20666666666666667,3.216666666666667,51.94,6.54,2.47,0.5033333333333333,0.9400000000000001,0.64,1.9433333333333331,0.73,0.0,5.26,1.6566666666666665,26.00333333333333,245.0,343.35723193333337
161,Ukraine,88.29,77.14,13.8,3.47,0.16,5.78,7.96,5.26,4.18,31.07,1.89,0.54,24.62,1.98,0.52,0.91,6.08,3150.762684,25.0,11125320.79,Ukraine,,31448.0,3881.0,60355.0,13901.0,894.0,9.05,32518.0,45349.0,20.0333333333333,100.0,6409.0,13952.0,0.44333333333333336,6.140000000000001,0.02666666666666666,4.203333333333333,3.73,89.03666666666668,1.6233333333333333,14.253333333333332,0.18000000000000002,5.043333333333333,4.693333333333333,0.01,0.38666666666666666,2.4600000000000004,5.94,29.956666666666667,79.06333333333333,246.0,2050.6360956999997
162,United Arab Emirates,102.45,87.65,10.85,2.19,3.12,0.0,13.85,1.9,5.42,34.47,0.15,10.43,23.89,0.0,0.0,15.44,0.41,36624.1666199999,,0.0,United Arab Emirates,,7796.0,41910.0,8360.0,1104.0,39.6,0.6765,37.1,8900.0,,,,,0.0,4.8533333333333335,0.25666666666666665,2.78,5.796666666666667,106.89999999999999,0.10333333333333335,13.780000000000001,5.763333333333333,0.0,13.376666666666667,8.39,8.413333333333332,0.0,0.7533333333333333,23.533333333333335,87.54333333333334,6.0,33130.53577333334
163,United Kingdom,103.18,88.61,19.19,6.61,1.51,7.27,12.71,3.36,5.49,28.11,0.58,1.36,24.33,0.07,0.14,1.84,4.15,39534.22335,33.2,3695717.959,United Kingdom,0.7136,51378.0,40934.0,24361.0,12872.0,46.0,0.6819,6212.0,64250.0,1.16666666666666,100.0,4185.0,25425.3333333333,0.08,7.010000000000001,0.06333333333333334,3.1999999999999997,5.123333333333334,99.55666666666667,0.64,18.97666666666667,1.9266666666666665,6.773333333333333,11.35,0.37666666666666665,0.9733333333333333,0.08,4.666666666666667,23.316666666666666,84.49333333333334,79.0,30763.960846666665
164,United Republic of Tanzania,57.23,44.46,3.43,2.37,0.5,0.1,0.64,0.17,2.08,22.47,12.19,3.86,3.59,0.0,0.0,11.58,3.96,752.9129633,37.8,26406464.1,United Republic of Tanzania,,14093.0,796.4,94730.0,34990.0,2100.0,33.17,13600.0,49083.0,,,15287.0,5146.5,,,,,,,,,,,,,,,,,,,
165,United States of America,109.3,96.27,21.86,12.43,0.15,7.29,18.06,4.18,5.06,23.58,1.68,1.32,19.22,0.07,0.14,2.34,2.47,49418.93242,41.5,279376624.2,United States of America,,257523.0,51702.0,983151.0,55812.0,2600.0,1.2409999999999899,155108.0,313335.0,1.36666666666666,100.0,22777.3333333333,103644.333333333,,,,,,,,,,,,,,,,,,,
166,Uruguay,90.18,80.68,20.76,9.99,2.99,3.95,7.07,3.49,2.02,26.97,3.78,2.29,20.46,0.0,0.09,1.81,1.98,12964.48513,39.5,1697322.229,Uruguay,,3219.0,15091.0,17622.0,178.0,39.0,9.273,2153.0,3397.0,9.23333333333333,100.0,117.0,1489.66666666666,0.05000000000000001,14.706666666666665,0.09666666666666666,2.57,1.61,86.74666666666667,3.5433333333333334,18.91,4.89,2.9433333333333334,4.329999999999999,0.65,2.0999999999999996,0.0,2.25,19.543333333333333,78.09666666666666,248.0,7754.287654666667
167,Uzbekistan,82.2,71.04,12.01,11.02,1.52,0.29,0.56,1.47,0.21,41.79,0.84,0.69,39.65,0.0,0.46,0.02,2.3,1548.591929,35.3,106168.5035,Uzbekistan,,10327.0,1733.0,44740.0,19214.0,350.0,19.02,4400.0,29541.0,,,,,0.58,8.06,0.07666666666666667,1.1966666666666665,0.23666666666666666,76.40999999999998,1.0066666666666666,12.753333333333332,1.2300000000000002,0.2866666666666667,0.6033333333333334,0.01,1.4933333333333334,0.0,1.5766666666666664,39.449999999999996,68.48333333333333,250.0,909.0544604333332
168,Vanuatu,68.32,52.38,2.48,3.67,0.12,4.6,4.09,1.0,9.78,17.16,0.01,7.64,9.01,0.0,0.31,0.0,9.68,2919.040555,37.6,1181151.326,Vanuatu,,62.31,3158.0,1219.0,185.2,125.0,27.96,20.0,247.5,,,,,0.19000000000000003,3.81,0.08333333333333333,0.6933333333333334,9.023333333333333,63.46,0.0033333333333333335,1.8866666666666667,0.08666666666666667,4.7733333333333325,2.6366666666666667,0.0,8.459999999999999,0.0,9.843333333333334,6.56,47.96666666666667,256.0,1925.3256533333333
169,Venezuela (Bolivarian Republic of),75.51,69.21,9.69,7.22,0.1,1.75,14.6,1.67,3.02,25.93,8.32,4.63,12.5,0.0,0.0,3.91,1.79,14279.4875099999,46.9,56533525.12,Venezuela (Bolivarian Republic of),,26615.0,12173.5,91205.0,3278.0,700.0,5.471,2700.0,29893.0,7.7,100.0,549.0,12004.0,,,,,,,,,,,,,,,,,,,
170,Viet Nam,80.38,63.74,1.65,2.49,0.05,10.51,4.41,1.17,8.55,32.68,2.09,28.2,2.37,0.0,0.0,1.78,0.47,1434.608546,35.3,16576205.46,Viet Nam,,28753.0,1725.0,33097.0,61699.0,3750.0,19.22,6401.0,90452.0,47.5,100.0,36220.0,15283.6666666666,,,,,,,,,,,,,,,,,,,
171,Yemen,58.85,49.98,3.83,1.84,1.7,0.0,3.78,0.63,0.68,38.69,3.21,3.29,27.09,0.0,0.0,3.54,0.37,1117.78197699999,36.7,125.4137132,Yemen,,7841.0,1280.5,52797.0,17069.0,297.0,,1253.0,24910.0,,,,,,,,,,,,,,,,,,,,,,,
172,Zambia,54.25,40.12,0.79,1.95,0.26,0.54,1.1,0.97,1.85,29.68,25.88,0.55,2.86,0.0,0.0,1.12,2.25,1553.847894,57.1,24087575.54,Zambia,,5572.0,1735.0,75261.0,9128.0,36.0,10.14,3800.0,14700.0,55.8,100.0,3462.0,1924.0,0.0,2.27,0.01,0.9433333333333334,2.1300000000000003,50.75333333333333,27.710000000000004,0.7966666666666667,0.19666666666666668,0.39666666666666667,1.0799999999999998,1.0466666666666666,0.41999999999999993,0.0,2.1766666666666663,2.8433333333333337,42.01000000000001,262.0,829.5061913
173,Zimbabwe,50.58,42.98,2.69,2.99,0.38,0.87,2.08,0.51,0.87,31.53,21.19,1.8,6.64,0.0,0.04,2.39,0.55,1044.384527,43.2,1414326.498,Zimbabwe,,4506.0,842.4,39076.0,10205.0,100.0,13.15,4000.0,14711.0,65.9,100.0,3986.0,1445.0,0.03,2.8333333333333335,0.03333333333333333,0.38000000000000006,0.6266666666666666,48.833333333333336,23.133333333333336,2.5866666666666664,0.41333333333333333,0.6166666666666667,1.23,0.24,0.7799999999999999,0.0,0.4266666666666667,5.566666666666666,38.863333333333344,263.0,767.5857654666667
174,Aruba,,,,,,,,,,,,,,,,,,,,,,,,,,,,,,,0.6,100.0,,,,,,,,,,,,,,,,,,,,,
175,Bhutan,,,,,,,,,,,,,,,,,,,,,,,,,,,,,,,59.5666666666666,100.0,241.0,88.6666666666666,,,,,,,,,,,,,,,,,,,
176,Cayman Islands,,,,,,,,,,,,,,,,,,,,,,,,,,,,,,,0.666666666666666,100.0,,,,,,,,,,,,,,,,,,,,,
177,Cook Islands,,,,,,,,,,,,,,,,,,,,,,,,,,,,,,,4.3,100.0,,,,,,,,,,,,,,,,,,,,,
178,Czech Republic,,,,,,,,,,,,,,,,,,,,,,,,,,,,,,,3.03333333333333,100.0,1848.0,3052.0,,,,,,,,,,,,,,,,,,,
179,CÃ´te d'Ivoire,,,,,,,,,,,,,,,,,,,,,,,,,,,,,,,43.05,100.0,3493.0,3330.5,,,,,,,,,,,,,,,,,,,
180,Falkland Islands (Malvinas),,,,,,,,,,,,,,,,,,,,,,,,,,,,,,,12.9,100.0,0.0,1.0,,,,,,,,,,,,,,,,,,,
181,Isle of Man,,,,,,,,,,,,,,,,,,,,,,,,,,,,,,,2.0,100.0,,,,,,,,,,,,,,,,,,,,,
182,Jersey,,,,,,,,,,,,,,,,,,,,,,,,,,,,,,,,100.0,,,,,,,,,,,,,,,,,,,,,
183,Kosovo,,,,,,,,,,,,,,,,,,,,,,,,,,,,,,,4.4,100.0,170.0,147.0,,,,,,,,,,,,,,,,,,,
184,Nauru,,,,,,,,,,,,,,,,,,,,,,,,,,,,,,,2.7,100.0,,,,,,,,,,,,,,,,,,,,,
185,Netherlands Antilles,,,,,,,,,,,,,,,,,,,,,,,,,,,,,,,0.449999999999999,100.0,,,,,,,,,,,,,,,,,,,,,
186,Occupied Palestinian Territory,,,,,,,,,,,,,,,,,,,,,,,,,,,,,,,10.4,100.0,168.333333333333,608.666666666666,,,,,,,,,,,,,,,,,,,
187,Puerto Rico,,,,,,,,,,,,,,,,,,,,,,,,,,,,,,,1.6,100.0,,,,,,,,,,,,,,,,,,,,,
188,Qatar,,,,,,,,,,,,,,,,,,,,,,,,,,,,,,,1.39999999999999,100.0,0.0,1539.0,,,,,,,,,,,,,,,,,,,
189,RÃ©union,,,,,,,,,,,,,,,,,,,,,,,,,,,,,,,4.3,100.0,,,,,,,,,,,,,,,,,,,,,
190,Seychelles,,,,,,,,,,,,,,,,,,,,,,,,,,,,,,,3.6,100.0,,,,,,,,,,,,,,,,,,,,,
191,Singapore,,,,,,,,,,,,,,,,,,,,,,,,,,,,,,,,100.0,,,,,,,,,,,,,,,,,,,,,
192,Syrian Arab Republic,,,,,,,,,,,,,,,,,,,,,,,,,,,,,,,13.2,100.0,2178.0,2772.0,,,,,,,,,,,,,,,,,,,
193,Greenland,,,,,,,,,,,,,,,,,,,,,,,,,,,,,,,,,3.0,22.0,,,,,,,,,,,,,,,,,,,
194,Liechtenstein,,,,,,,,,,,,,,,,,,,,,,,,,,,,,,,,,19.0,0.0,,,,,,,,,,,,,,,,,,,
